/home/paper219/Desktop/analysis/fullsample/projects/eureka/revisions/rev_1faaddf_7d50288/rev_1faaddf-7d50288/eureka-core/src/main/java/com/netflix/eureka/util/AwsAsgUtil.java;MethodDeclaration
/home/paper219/Desktop/analysis/fullsample/projects/eureka/revisions/rev_4727485_42d73d3/rev_4727485-42d73d3/eureka-core/src/main/java/com/netflix/eureka/resources/ResponseCache.java;ImportDeclaration
/home/paper219/Desktop/analysis/fullsample/projects/eureka/revisions/rev_a84be6a_08e0412/rev_a84be6a-08e0412/eureka-core/src/main/java/com/netflix/eureka/InstanceRegistry.java;ImportDeclaration
/home/paper219/Desktop/analysis/fullsample/projects/eureka/revisions/rev_a84be6a_08e0412/rev_a84be6a-08e0412/eureka-core/src/main/java/com/netflix/eureka/InstanceRegistry.java;ImportDeclaration
/home/paper219/Desktop/analysis/fullsample/projects/eureka/revisions/rev_a84be6a_08e0412/rev_a84be6a-08e0412/eureka-core/src/main/java/com/netflix/eureka/InstanceRegistry.java;FieldDeclaration
/home/paper219/Desktop/analysis/fullsample/projects/eureka/revisions/rev_a84be6a_08e0412/rev_a84be6a-08e0412/eureka-core/src/main/java/com/netflix/eureka/InstanceRegistry.java;FieldDeclaration
/home/paper219/Desktop/analysis/fullsample/projects/eureka/revisions/rev_a84be6a_08e0412/rev_a84be6a-08e0412/eureka-core/src/main/java/com/netflix/eureka/EurekaServerConfig.java;ImportDeclaration
/home/paper219/Desktop/analysis/fullsample/projects/eureka/revisions/rev_a84be6a_08e0412/rev_a84be6a-08e0412/eureka-core/src/main/java/com/netflix/eureka/EurekaServerConfig.java;ImportDeclaration
/home/paper219/Desktop/analysis/fullsample/projects/eureka/revisions/rev_a84be6a_08e0412/rev_a84be6a-08e0412/eureka-core/src/main/java/com/netflix/eureka/resources/ResponseCache.java;FieldDeclaration
/home/paper219/Desktop/analysis/fullsample/projects/eureka/revisions/rev_a84be6a_08e0412/rev_a84be6a-08e0412/eureka-core/src/main/java/com/netflix/eureka/DefaultEurekaServerConfig.java;ImportDeclaration
/home/paper219/Desktop/analysis/fullsample/projects/eureka/revisions/rev_a84be6a_08e0412/rev_a84be6a-08e0412/eureka-core/src/main/java/com/netflix/eureka/DefaultEurekaServerConfig.java;ImportDeclaration
/home/paper219/Desktop/analysis/fullsample/projects/eureka/revisions/rev_a84be6a_08e0412/rev_a84be6a-08e0412/eureka-core/src/main/java/com/netflix/eureka/DefaultEurekaServerConfig.java;MethodDeclaration
/home/paper219/Desktop/analysis/fullsample/projects/eureka/revisions/rev_a84be6a_08e0412/rev_a84be6a-08e0412/eureka-client/src/main/java/com/netflix/discovery/shared/Application.java;ImportDeclaration
/home/paper219/Desktop/analysis/fullsample/projects/eureka/revisions/rev_a84be6a_08e0412/rev_a84be6a-08e0412/eureka-client/src/main/java/com/netflix/discovery/shared/Application.java;ImportDeclaration
/home/paper219/Desktop/analysis/fullsample/projects/eureka/revisions/rev_a84be6a_08e0412/rev_a84be6a-08e0412/eureka-client/src/main/java/com/netflix/discovery/shared/Application.java;ImportDeclaration
/home/paper219/Desktop/analysis/fullsample/projects/eureka/revisions/rev_a84be6a_08e0412/rev_a84be6a-08e0412/eureka-client/src/main/java/com/netflix/discovery/shared/Application.java;FieldDeclaration
/home/paper219/Desktop/analysis/fullsample/projects/eureka/revisions/rev_a84be6a_08e0412/rev_a84be6a-08e0412/eureka-client/src/main/java/com/netflix/discovery/shared/Application.java;MethodDeclaration
/home/paper219/Desktop/analysis/fullsample/projects/eureka/revisions/rev_a84be6a_08e0412/rev_a84be6a-08e0412/eureka-client/src/main/java/com/netflix/discovery/shared/Applications.java;ImportDeclaration
/home/paper219/Desktop/analysis/fullsample/projects/eureka/revisions/rev_a84be6a_08e0412/rev_a84be6a-08e0412/eureka-client/src/main/java/com/netflix/discovery/shared/Applications.java;ImportDeclaration
/home/paper219/Desktop/analysis/fullsample/projects/eureka/revisions/rev_a84be6a_08e0412/rev_a84be6a-08e0412/eureka-client/src/main/java/com/netflix/discovery/DefaultEurekaClientConfig.java;ImportDeclaration
/home/paper219/Desktop/analysis/fullsample/projects/eureka/revisions/rev_a84be6a_08e0412/rev_a84be6a-08e0412/eureka-client/src/main/java/com/netflix/discovery/DefaultEurekaClientConfig.java;FieldDeclaration
/home/paper219/Desktop/analysis/fullsample/projects/eureka/revisions/rev_a84be6a_08e0412/rev_a84be6a-08e0412/eureka-client/src/main/java/com/netflix/discovery/DefaultEurekaClientConfig.java;MethodDeclaration
/home/paper219/Desktop/analysis/fullsample/projects/eureka/revisions/rev_a84be6a_08e0412/rev_a84be6a-08e0412/eureka-client/src/main/java/com/netflix/discovery/EurekaClientConfig.java;ImportDeclaration
/home/paper219/Desktop/analysis/fullsample/projects/eureka/revisions/rev_a84be6a_08e0412/rev_a84be6a-08e0412/eureka-client/src/main/java/com/netflix/discovery/DiscoveryClient.java;ImportDeclaration
/home/paper219/Desktop/analysis/fullsample/projects/eureka/revisions/rev_a84be6a_08e0412/rev_a84be6a-08e0412/eureka-client/src/main/java/com/netflix/discovery/DiscoveryClient.java;ImportDeclaration
/home/paper219/Desktop/analysis/fullsample/projects/eureka/revisions/rev_a84be6a_08e0412/rev_a84be6a-08e0412/eureka-client/src/main/java/com/netflix/discovery/DiscoveryClient.java;FieldDeclaration
/home/paper219/Desktop/analysis/fullsample/projects/eureka/revisions/rev_a84be6a_08e0412/rev_a84be6a-08e0412/eureka-client/src/main/java/com/netflix/discovery/DiscoveryClient.java;FieldDeclaration
/home/paper219/Desktop/analysis/fullsample/projects/eureka/revisions/rev_a84be6a_08e0412/rev_a84be6a-08e0412/eureka-client/src/main/java/com/netflix/discovery/DiscoveryClient.java;FieldDeclaration
/home/paper219/Desktop/analysis/fullsample/projects/eureka/revisions/rev_a84be6a_08e0412/rev_a84be6a-08e0412/eureka-client/src/main/java/com/netflix/discovery/DiscoveryClient.java;FieldDeclaration
/home/paper219/Desktop/analysis/fullsample/projects/eureka/revisions/rev_a84be6a_08e0412/rev_a84be6a-08e0412/eureka-client/src/main/java/com/netflix/discovery/DiscoveryClient.java;FieldDeclaration
/home/paper219/Desktop/analysis/fullsample/projects/eureka/revisions/rev_a84be6a_08e0412/rev_a84be6a-08e0412/eureka-client/src/main/java/com/netflix/discovery/DiscoveryClient.java;MethodDeclaration
/home/paper219/Desktop/analysis/fullsample/projects/eureka/revisions/rev_a84be6a_08e0412/rev_a84be6a-08e0412/eureka-client/src/main/java/com/netflix/discovery/DiscoveryClient.java;FieldDeclaration
/home/paper219/Desktop/analysis/fullsample/projects/eureka/revisions/rev_a84be6a_08e0412/rev_a84be6a-08e0412/eureka-client/src/main/java/com/netflix/discovery/DiscoveryClient.java;FieldDeclaration
/home/paper219/Desktop/analysis/fullsample/projects/eureka/revisions/rev_a84be6a_08e0412/rev_a84be6a-08e0412/eureka-client/src/main/java/com/netflix/discovery/DiscoveryClient.java;MethodDeclaration
/home/paper219/Desktop/analysis/fullsample/projects/eureka/revisions/rev_b7e1825_f0dec22/rev_b7e1825-f0dec22/eureka-client/src/test/java/com/netflix/discovery/MockRemoteEurekaServer.java;FieldDeclaration
/home/paper219/Desktop/analysis/fullsample/projects/eureka/revisions/rev_526d3b1_6333a71/rev_526d3b1-6333a71/eureka-client/src/main/java/com/netflix/discovery/DefaultEurekaClientConfig.java;MethodDeclaration
/home/paper219/Desktop/analysis/fullsample/projects/eureka/revisions/rev_526d3b1_6333a71/rev_526d3b1-6333a71/eureka-client/src/main/java/com/netflix/discovery/DiscoveryClient.java;ImportDeclaration
/home/paper219/Desktop/analysis/fullsample/projects/eureka/revisions/rev_526d3b1_6333a71/rev_526d3b1-6333a71/eureka-client/src/test/java/com/netflix/discovery/AbstractDiscoveryClientTester.java;ImportDeclaration
/home/paper219/Desktop/analysis/fullsample/projects/eureka/revisions/rev_526d3b1_6333a71/rev_526d3b1-6333a71/eureka-client/src/test/java/com/netflix/discovery/AbstractDiscoveryClientTester.java;FieldDeclaration
/home/paper219/Desktop/analysis/fullsample/projects/eureka/revisions/rev_526d3b1_6333a71/rev_526d3b1-6333a71/eureka-client/src/test/java/com/netflix/discovery/AbstractDiscoveryClientTester.java;FieldDeclaration
/home/paper219/Desktop/analysis/fullsample/projects/eureka/revisions/rev_526d3b1_6333a71/rev_526d3b1-6333a71/eureka-client/src/test/java/com/netflix/discovery/DiscoveryClientRegistryTest.java;ImportDeclaration
/home/paper219/Desktop/analysis/fullsample/projects/eureka/revisions/rev_526d3b1_6333a71/rev_526d3b1-6333a71/eureka-client/src/test/java/com/netflix/discovery/DiscoveryClientRegistryTest.java;FieldDeclaration
/home/paper219/Desktop/analysis/fullsample/projects/eureka/revisions/rev_526d3b1_6333a71/rev_526d3b1-6333a71/eureka-client/src/test/java/com/netflix/discovery/DiscoveryClientRegistryTest.java;FieldDeclaration
/home/paper219/Desktop/analysis/fullsample/projects/eureka/revisions/rev_526d3b1_6333a71/rev_526d3b1-6333a71/eureka-client/src/test/java/com/netflix/discovery/MockRemoteEurekaServer.java;ImportDeclaration
/home/paper219/Desktop/analysis/fullsample/projects/eureka/revisions/rev_7afa7b0_9711533/rev_7afa7b0-9711533/eureka-core/src/main/java/com/netflix/eureka/ServerRequestAuthFilter.java;ImportDeclaration
/home/paper219/Desktop/analysis/fullsample/projects/eureka/revisions/rev_7afa7b0_9711533/rev_7afa7b0-9711533/eureka-core/src/main/java/com/netflix/eureka/ServerRequestAuthFilter.java;ImportDeclaration
/home/paper219/Desktop/analysis/fullsample/projects/eureka/revisions/rev_7afa7b0_9711533/rev_7afa7b0-9711533/eureka-core/src/main/java/com/netflix/eureka/RemoteRegionRegistry.java;ImportDeclaration
/home/paper219/Desktop/analysis/fullsample/projects/eureka/revisions/rev_7afa7b0_9711533/rev_7afa7b0-9711533/eureka-core/src/main/java/com/netflix/eureka/RemoteRegionRegistry.java;ImportDeclaration
/home/paper219/Desktop/analysis/fullsample/projects/eureka/revisions/rev_7afa7b0_9711533/rev_7afa7b0-9711533/eureka-core/src/main/java/com/netflix/eureka/RemoteRegionRegistry.java;ImportDeclaration
/home/paper219/Desktop/analysis/fullsample/projects/eureka/revisions/rev_7afa7b0_9711533/rev_7afa7b0-9711533/eureka-core/src/main/java/com/netflix/eureka/RemoteRegionRegistry.java;ImportDeclaration
/home/paper219/Desktop/analysis/fullsample/projects/eureka/revisions/rev_7afa7b0_9711533/rev_7afa7b0-9711533/eureka-core/src/main/java/com/netflix/eureka/RemoteRegionRegistry.java;ImportDeclaration
/home/paper219/Desktop/analysis/fullsample/projects/eureka/revisions/rev_7afa7b0_9711533/rev_7afa7b0-9711533/eureka-core/src/main/java/com/netflix/eureka/EurekaBootStrap.java;ImportDeclaration
/home/paper219/Desktop/analysis/fullsample/projects/eureka/revisions/rev_7afa7b0_9711533/rev_7afa7b0-9711533/eureka-core/src/main/java/com/netflix/eureka/EurekaBootStrap.java;ImportDeclaration
/home/paper219/Desktop/analysis/fullsample/projects/eureka/revisions/rev_7afa7b0_9711533/rev_7afa7b0-9711533/eureka-core/src/main/java/com/netflix/eureka/EurekaBootStrap.java;ImportDeclaration
/home/paper219/Desktop/analysis/fullsample/projects/eureka/revisions/rev_7afa7b0_9711533/rev_7afa7b0-9711533/eureka-core/src/main/java/com/netflix/eureka/EurekaBootStrap.java;ImportDeclaration
/home/paper219/Desktop/analysis/fullsample/projects/eureka/revisions/rev_7afa7b0_9711533/rev_7afa7b0-9711533/eureka-core/src/main/java/com/netflix/eureka/InstanceRegistry.java;ImportDeclaration
/home/paper219/Desktop/analysis/fullsample/projects/eureka/revisions/rev_7afa7b0_9711533/rev_7afa7b0-9711533/eureka-core/src/main/java/com/netflix/eureka/InstanceRegistry.java;ImportDeclaration
/home/paper219/Desktop/analysis/fullsample/projects/eureka/revisions/rev_7afa7b0_9711533/rev_7afa7b0-9711533/eureka-core/src/main/java/com/netflix/eureka/InstanceRegistry.java;ImportDeclaration
/home/paper219/Desktop/analysis/fullsample/projects/eureka/revisions/rev_7afa7b0_9711533/rev_7afa7b0-9711533/eureka-core/src/main/java/com/netflix/eureka/cluster/PeerEurekaNode.java;ImportDeclaration
/home/paper219/Desktop/analysis/fullsample/projects/eureka/revisions/rev_7afa7b0_9711533/rev_7afa7b0-9711533/eureka-core/src/main/java/com/netflix/eureka/cluster/PeerEurekaNode.java;ImportDeclaration
/home/paper219/Desktop/analysis/fullsample/projects/eureka/revisions/rev_7afa7b0_9711533/rev_7afa7b0-9711533/eureka-core/src/main/java/com/netflix/eureka/cluster/PeerEurekaNode.java;ImportDeclaration
/home/paper219/Desktop/analysis/fullsample/projects/eureka/revisions/rev_7afa7b0_9711533/rev_7afa7b0-9711533/eureka-core/src/main/java/com/netflix/eureka/cluster/PeerEurekaNode.java;ImportDeclaration
/home/paper219/Desktop/analysis/fullsample/projects/eureka/revisions/rev_7afa7b0_9711533/rev_7afa7b0-9711533/eureka-core/src/main/java/com/netflix/eureka/cluster/PeerEurekaNode.java;ImportDeclaration
/home/paper219/Desktop/analysis/fullsample/projects/eureka/revisions/rev_7afa7b0_9711533/rev_7afa7b0-9711533/eureka-core/src/main/java/com/netflix/eureka/cluster/PeerEurekaNode.java;FieldDeclaration
/home/paper219/Desktop/analysis/fullsample/projects/eureka/revisions/rev_7afa7b0_9711533/rev_7afa7b0-9711533/eureka-core/src/main/java/com/netflix/eureka/cluster/PeerEurekaNode.java;MethodDeclaration
/home/paper219/Desktop/analysis/fullsample/projects/eureka/revisions/rev_7afa7b0_9711533/rev_7afa7b0-9711533/eureka-core/src/main/java/com/netflix/eureka/cluster/PeerEurekaNode.java;FieldDeclaration
/home/paper219/Desktop/analysis/fullsample/projects/eureka/revisions/rev_7afa7b0_9711533/rev_7afa7b0-9711533/eureka-core/src/main/java/com/netflix/eureka/util/EIPManager.java;ImportDeclaration
/home/paper219/Desktop/analysis/fullsample/projects/eureka/revisions/rev_7afa7b0_9711533/rev_7afa7b0-9711533/eureka-core/src/main/java/com/netflix/eureka/util/EIPManager.java;ImportDeclaration
/home/paper219/Desktop/analysis/fullsample/projects/eureka/revisions/rev_7afa7b0_9711533/rev_7afa7b0-9711533/eureka-core/src/main/java/com/netflix/eureka/util/AwsAsgUtil.java;ImportDeclaration
/home/paper219/Desktop/analysis/fullsample/projects/eureka/revisions/rev_7afa7b0_9711533/rev_7afa7b0-9711533/eureka-core/src/main/java/com/netflix/eureka/util/AwsAsgUtil.java;ImportDeclaration
/home/paper219/Desktop/analysis/fullsample/projects/eureka/revisions/rev_7afa7b0_9711533/rev_7afa7b0-9711533/eureka-core/src/main/java/com/netflix/eureka/util/AwsAsgUtil.java;ImportDeclaration
/home/paper219/Desktop/analysis/fullsample/projects/eureka/revisions/rev_7afa7b0_9711533/rev_7afa7b0-9711533/eureka-core/src/main/java/com/netflix/eureka/PeerAwareInstanceRegistry.java;ImportDeclaration
/home/paper219/Desktop/analysis/fullsample/projects/eureka/revisions/rev_7afa7b0_9711533/rev_7afa7b0-9711533/eureka-core/src/main/java/com/netflix/eureka/PeerAwareInstanceRegistry.java;ImportDeclaration
/home/paper219/Desktop/analysis/fullsample/projects/eureka/revisions/rev_7afa7b0_9711533/rev_7afa7b0-9711533/eureka-core/src/main/java/com/netflix/eureka/StatusFilter.java;ImportDeclaration
/home/paper219/Desktop/analysis/fullsample/projects/eureka/revisions/rev_7afa7b0_9711533/rev_7afa7b0-9711533/eureka-core/src/main/java/com/netflix/eureka/StatusFilter.java;ImportDeclaration
/home/paper219/Desktop/analysis/fullsample/projects/eureka/revisions/rev_7afa7b0_9711533/rev_7afa7b0-9711533/eureka-core/src/main/java/com/netflix/eureka/resources/AbstractVIPResource.java;ImportDeclaration
/home/paper219/Desktop/analysis/fullsample/projects/eureka/revisions/rev_7afa7b0_9711533/rev_7afa7b0-9711533/eureka-core/src/main/java/com/netflix/eureka/resources/AbstractVIPResource.java;ImportDeclaration
/home/paper219/Desktop/analysis/fullsample/projects/eureka/revisions/rev_7afa7b0_9711533/rev_7afa7b0-9711533/eureka-core/src/main/java/com/netflix/eureka/resources/StatusResource.java;ImportDeclaration
/home/paper219/Desktop/analysis/fullsample/projects/eureka/revisions/rev_7afa7b0_9711533/rev_7afa7b0-9711533/eureka-core/src/main/java/com/netflix/eureka/resources/StatusResource.java;ImportDeclaration
/home/paper219/Desktop/analysis/fullsample/projects/eureka/revisions/rev_7afa7b0_9711533/rev_7afa7b0-9711533/eureka-core/src/main/java/com/netflix/eureka/resources/StatusResource.java;ImportDeclaration
/home/paper219/Desktop/analysis/fullsample/projects/eureka/revisions/rev_7afa7b0_9711533/rev_7afa7b0-9711533/eureka-core/src/main/java/com/netflix/eureka/resources/InstanceResource.java;ImportDeclaration
/home/paper219/Desktop/analysis/fullsample/projects/eureka/revisions/rev_7afa7b0_9711533/rev_7afa7b0-9711533/eureka-core/src/main/java/com/netflix/eureka/resources/InstanceResource.java;ImportDeclaration
/home/paper219/Desktop/analysis/fullsample/projects/eureka/revisions/rev_7afa7b0_9711533/rev_7afa7b0-9711533/eureka-core/src/main/java/com/netflix/eureka/resources/InstanceResource.java;ImportDeclaration
/home/paper219/Desktop/analysis/fullsample/projects/eureka/revisions/rev_7afa7b0_9711533/rev_7afa7b0-9711533/eureka-core/src/main/java/com/netflix/eureka/resources/ASGResource.java;ImportDeclaration
/home/paper219/Desktop/analysis/fullsample/projects/eureka/revisions/rev_7afa7b0_9711533/rev_7afa7b0-9711533/eureka-core/src/main/java/com/netflix/eureka/resources/ASGResource.java;ImportDeclaration
/home/paper219/Desktop/analysis/fullsample/projects/eureka/revisions/rev_7afa7b0_9711533/rev_7afa7b0-9711533/eureka-core/src/main/java/com/netflix/eureka/resources/InstancesResource.java;ImportDeclaration
/home/paper219/Desktop/analysis/fullsample/projects/eureka/revisions/rev_7afa7b0_9711533/rev_7afa7b0-9711533/eureka-core/src/main/java/com/netflix/eureka/resources/InstancesResource.java;ImportDeclaration
/home/paper219/Desktop/analysis/fullsample/projects/eureka/revisions/rev_7afa7b0_9711533/rev_7afa7b0-9711533/eureka-core/src/main/java/com/netflix/eureka/resources/InstancesResource.java;ImportDeclaration
/home/paper219/Desktop/analysis/fullsample/projects/eureka/revisions/rev_7afa7b0_9711533/rev_7afa7b0-9711533/eureka-core/src/main/java/com/netflix/eureka/resources/ApplicationResource.java;ImportDeclaration
/home/paper219/Desktop/analysis/fullsample/projects/eureka/revisions/rev_7afa7b0_9711533/rev_7afa7b0-9711533/eureka-core/src/main/java/com/netflix/eureka/resources/ApplicationResource.java;ImportDeclaration
/home/paper219/Desktop/analysis/fullsample/projects/eureka/revisions/rev_7afa7b0_9711533/rev_7afa7b0-9711533/eureka-core/src/main/java/com/netflix/eureka/resources/PeerReplicationResource.java;ImportDeclaration
/home/paper219/Desktop/analysis/fullsample/projects/eureka/revisions/rev_7afa7b0_9711533/rev_7afa7b0-9711533/eureka-core/src/main/java/com/netflix/eureka/resources/PeerReplicationResource.java;ImportDeclaration
/home/paper219/Desktop/analysis/fullsample/projects/eureka/revisions/rev_7afa7b0_9711533/rev_7afa7b0-9711533/eureka-core/src/main/java/com/netflix/eureka/DefaultEurekaServerConfig.java;ImportDeclaration
/home/paper219/Desktop/analysis/fullsample/projects/eureka/revisions/rev_7afa7b0_9711533/rev_7afa7b0-9711533/eureka-core/src/main/java/com/netflix/eureka/DefaultEurekaServerConfig.java;ImportDeclaration
/home/paper219/Desktop/analysis/fullsample/projects/eureka/revisions/rev_7afa7b0_9711533/rev_7afa7b0-9711533/eureka-core/src/main/java/com/netflix/eureka/DefaultEurekaServerConfig.java;ImportDeclaration
/home/paper219/Desktop/analysis/fullsample/projects/eureka/revisions/rev_7afa7b0_9711533/rev_7afa7b0-9711533/eureka-core/src/main/java/com/netflix/eureka/DefaultEurekaServerConfig.java;ImportDeclaration
/home/paper219/Desktop/analysis/fullsample/projects/eureka/revisions/rev_7afa7b0_9711533/rev_7afa7b0-9711533/eureka-core/src/test/java/com/netflix/eureka/RateLimitingFilterTest.java;ImportDeclaration
/home/paper219/Desktop/analysis/fullsample/projects/eureka/revisions/rev_7afa7b0_9711533/rev_7afa7b0-9711533/eureka-core/src/test/java/com/netflix/eureka/DefaultEurekaServerConfigTest.java;ImportDeclaration
/home/paper219/Desktop/analysis/fullsample/projects/eureka/revisions/rev_7afa7b0_9711533/rev_7afa7b0-9711533/eureka-core/src/test/java/com/netflix/eureka/DefaultEurekaServerConfigTest.java;ImportDeclaration
/home/paper219/Desktop/analysis/fullsample/projects/eureka/revisions/rev_7afa7b0_9711533/rev_7afa7b0-9711533/eureka-core/src/test/java/com/netflix/eureka/DefaultEurekaServerConfigTest.java;FieldDeclaration
/home/paper219/Desktop/analysis/fullsample/projects/eureka/revisions/rev_7afa7b0_9711533/rev_7afa7b0-9711533/eureka-core/src/test/java/com/netflix/eureka/DefaultEurekaServerConfigTest.java;FieldDeclaration
/home/paper219/Desktop/analysis/fullsample/projects/eureka/revisions/rev_7afa7b0_9711533/rev_7afa7b0-9711533/eureka-core/src/test/java/com/netflix/eureka/mock/MockRemoteEurekaServer.java;ImportDeclaration
/home/paper219/Desktop/analysis/fullsample/projects/eureka/revisions/rev_7afa7b0_9711533/rev_7afa7b0-9711533/eureka-core/src/test/java/com/netflix/eureka/mock/MockRemoteEurekaServer.java;ImportDeclaration
/home/paper219/Desktop/analysis/fullsample/projects/eureka/revisions/rev_7afa7b0_9711533/rev_7afa7b0-9711533/eureka-core/src/test/java/com/netflix/eureka/util/RateLimiterTest.java;ImportDeclaration
/home/paper219/Desktop/analysis/fullsample/projects/eureka/revisions/rev_7afa7b0_9711533/rev_7afa7b0-9711533/eureka-core/src/test/java/com/netflix/eureka/AbstractTester.java;ImportDeclaration
/home/paper219/Desktop/analysis/fullsample/projects/eureka/revisions/rev_7afa7b0_9711533/rev_7afa7b0-9711533/eureka-core/src/test/java/com/netflix/eureka/AbstractTester.java;ImportDeclaration
/home/paper219/Desktop/analysis/fullsample/projects/eureka/revisions/rev_7afa7b0_9711533/rev_7afa7b0-9711533/eureka-client/src/main/java/com/netflix/appinfo/AmazonInfo.java;ImportDeclaration
/home/paper219/Desktop/analysis/fullsample/projects/eureka/revisions/rev_7afa7b0_9711533/rev_7afa7b0-9711533/eureka-client/src/main/java/com/netflix/appinfo/AmazonInfo.java;ImportDeclaration
/home/paper219/Desktop/analysis/fullsample/projects/eureka/revisions/rev_7afa7b0_9711533/rev_7afa7b0-9711533/eureka-client/src/main/java/com/netflix/appinfo/ApplicationInfoManager.java;ImportDeclaration
/home/paper219/Desktop/analysis/fullsample/projects/eureka/revisions/rev_7afa7b0_9711533/rev_7afa7b0-9711533/eureka-client/src/main/java/com/netflix/appinfo/ApplicationInfoManager.java;ImportDeclaration
/home/paper219/Desktop/analysis/fullsample/projects/eureka/revisions/rev_7afa7b0_9711533/rev_7afa7b0-9711533/eureka-client/src/main/java/com/netflix/appinfo/ApplicationInfoManager.java;ImportDeclaration
/home/paper219/Desktop/analysis/fullsample/projects/eureka/revisions/rev_7afa7b0_9711533/rev_7afa7b0-9711533/eureka-client/src/main/java/com/netflix/appinfo/providers/EurekaConfigBasedInstanceInfoProvider.java;ImportDeclaration
/home/paper219/Desktop/analysis/fullsample/projects/eureka/revisions/rev_7afa7b0_9711533/rev_7afa7b0-9711533/eureka-client/src/main/java/com/netflix/appinfo/providers/EurekaConfigBasedInstanceInfoProvider.java;ImportDeclaration
/home/paper219/Desktop/analysis/fullsample/projects/eureka/revisions/rev_7afa7b0_9711533/rev_7afa7b0-9711533/eureka-client/src/main/java/com/netflix/appinfo/providers/EurekaConfigBasedInstanceInfoProvider.java;ImportDeclaration
/home/paper219/Desktop/analysis/fullsample/projects/eureka/revisions/rev_7afa7b0_9711533/rev_7afa7b0-9711533/eureka-client/src/main/java/com/netflix/appinfo/providers/EurekaConfigBasedInstanceInfoProvider.java;ImportDeclaration
/home/paper219/Desktop/analysis/fullsample/projects/eureka/revisions/rev_7afa7b0_9711533/rev_7afa7b0-9711533/eureka-client/src/main/java/com/netflix/appinfo/AbstractInstanceConfig.java;ImportDeclaration
/home/paper219/Desktop/analysis/fullsample/projects/eureka/revisions/rev_7afa7b0_9711533/rev_7afa7b0-9711533/eureka-client/src/main/java/com/netflix/appinfo/AbstractInstanceConfig.java;ImportDeclaration
/home/paper219/Desktop/analysis/fullsample/projects/eureka/revisions/rev_7afa7b0_9711533/rev_7afa7b0-9711533/eureka-client/src/main/java/com/netflix/appinfo/CloudInstanceConfig.java;ImportDeclaration
/home/paper219/Desktop/analysis/fullsample/projects/eureka/revisions/rev_7afa7b0_9711533/rev_7afa7b0-9711533/eureka-client/src/main/java/com/netflix/appinfo/CloudInstanceConfig.java;ImportDeclaration
/home/paper219/Desktop/analysis/fullsample/projects/eureka/revisions/rev_7afa7b0_9711533/rev_7afa7b0-9711533/eureka-client/src/main/java/com/netflix/appinfo/PropertiesInstanceConfig.java;ImportDeclaration
/home/paper219/Desktop/analysis/fullsample/projects/eureka/revisions/rev_7afa7b0_9711533/rev_7afa7b0-9711533/eureka-client/src/main/java/com/netflix/appinfo/PropertiesInstanceConfig.java;ImportDeclaration
/home/paper219/Desktop/analysis/fullsample/projects/eureka/revisions/rev_7afa7b0_9711533/rev_7afa7b0-9711533/eureka-client/src/main/java/com/netflix/discovery/shared/Application.java;ImportDeclaration
/home/paper219/Desktop/analysis/fullsample/projects/eureka/revisions/rev_7afa7b0_9711533/rev_7afa7b0-9711533/eureka-client/src/main/java/com/netflix/discovery/shared/Application.java;ImportDeclaration
/home/paper219/Desktop/analysis/fullsample/projects/eureka/revisions/rev_7afa7b0_9711533/rev_7afa7b0-9711533/eureka-client/src/main/java/com/netflix/discovery/shared/Applications.java;ImportDeclaration
/home/paper219/Desktop/analysis/fullsample/projects/eureka/revisions/rev_7afa7b0_9711533/rev_7afa7b0-9711533/eureka-client/src/main/java/com/netflix/discovery/shared/Applications.java;ImportDeclaration
/home/paper219/Desktop/analysis/fullsample/projects/eureka/revisions/rev_7afa7b0_9711533/rev_7afa7b0-9711533/eureka-client/src/main/java/com/netflix/discovery/shared/Applications.java;ImportDeclaration
/home/paper219/Desktop/analysis/fullsample/projects/eureka/revisions/rev_7afa7b0_9711533/rev_7afa7b0-9711533/eureka-client/src/main/java/com/netflix/discovery/shared/Applications.java;ImportDeclaration
/home/paper219/Desktop/analysis/fullsample/projects/eureka/revisions/rev_7afa7b0_9711533/rev_7afa7b0-9711533/eureka-client/src/main/java/com/netflix/discovery/shared/Applications.java;FieldDeclaration
/home/paper219/Desktop/analysis/fullsample/projects/eureka/revisions/rev_7afa7b0_9711533/rev_7afa7b0-9711533/eureka-client/src/main/java/com/netflix/discovery/shared/NamedConnectionPool.java;ImportDeclaration
/home/paper219/Desktop/analysis/fullsample/projects/eureka/revisions/rev_7afa7b0_9711533/rev_7afa7b0-9711533/eureka-client/src/main/java/com/netflix/discovery/shared/NamedConnectionPool.java;ImportDeclaration
/home/paper219/Desktop/analysis/fullsample/projects/eureka/revisions/rev_7afa7b0_9711533/rev_7afa7b0-9711533/eureka-client/src/main/java/com/netflix/discovery/shared/EurekaJerseyClient.java;ImportDeclaration
/home/paper219/Desktop/analysis/fullsample/projects/eureka/revisions/rev_7afa7b0_9711533/rev_7afa7b0-9711533/eureka-client/src/main/java/com/netflix/discovery/shared/EurekaJerseyClient.java;ImportDeclaration
/home/paper219/Desktop/analysis/fullsample/projects/eureka/revisions/rev_7afa7b0_9711533/rev_7afa7b0-9711533/eureka-client/src/main/java/com/netflix/discovery/shared/EurekaJerseyClient.java;ConstructorDeclaration
/home/paper219/Desktop/analysis/fullsample/projects/eureka/revisions/rev_7afa7b0_9711533/rev_7afa7b0-9711533/eureka-client/src/main/java/com/netflix/discovery/shared/EurekaJerseyClient.java;FieldDeclaration
/home/paper219/Desktop/analysis/fullsample/projects/eureka/revisions/rev_7afa7b0_9711533/rev_7afa7b0-9711533/eureka-client/src/main/java/com/netflix/discovery/InstanceRegionChecker.java;ImportDeclaration
/home/paper219/Desktop/analysis/fullsample/projects/eureka/revisions/rev_7afa7b0_9711533/rev_7afa7b0-9711533/eureka-client/src/main/java/com/netflix/discovery/InstanceRegionChecker.java;ImportDeclaration
/home/paper219/Desktop/analysis/fullsample/projects/eureka/revisions/rev_7afa7b0_9711533/rev_7afa7b0-9711533/eureka-client/src/main/java/com/netflix/discovery/EurekaUpStatusResolver.java;ImportDeclaration
/home/paper219/Desktop/analysis/fullsample/projects/eureka/revisions/rev_7afa7b0_9711533/rev_7afa7b0-9711533/eureka-client/src/main/java/com/netflix/discovery/EurekaUpStatusResolver.java;ImportDeclaration
/home/paper219/Desktop/analysis/fullsample/projects/eureka/revisions/rev_7afa7b0_9711533/rev_7afa7b0-9711533/eureka-client/src/main/java/com/netflix/discovery/EurekaUpStatusResolver.java;ImportDeclaration
/home/paper219/Desktop/analysis/fullsample/projects/eureka/revisions/rev_7afa7b0_9711533/rev_7afa7b0-9711533/eureka-client/src/main/java/com/netflix/discovery/DiscoveryManager.java;ImportDeclaration
/home/paper219/Desktop/analysis/fullsample/projects/eureka/revisions/rev_7afa7b0_9711533/rev_7afa7b0-9711533/eureka-client/src/main/java/com/netflix/discovery/DiscoveryManager.java;ImportDeclaration
/home/paper219/Desktop/analysis/fullsample/projects/eureka/revisions/rev_7afa7b0_9711533/rev_7afa7b0-9711533/eureka-client/src/main/java/com/netflix/discovery/DefaultEurekaClientConfig.java;ImportDeclaration
/home/paper219/Desktop/analysis/fullsample/projects/eureka/revisions/rev_7afa7b0_9711533/rev_7afa7b0-9711533/eureka-client/src/main/java/com/netflix/discovery/DefaultEurekaClientConfig.java;ImportDeclaration
/home/paper219/Desktop/analysis/fullsample/projects/eureka/revisions/rev_7afa7b0_9711533/rev_7afa7b0-9711533/eureka-client/src/main/java/com/netflix/discovery/DefaultEurekaClientConfig.java;ImportDeclaration
/home/paper219/Desktop/analysis/fullsample/projects/eureka/revisions/rev_7afa7b0_9711533/rev_7afa7b0-9711533/eureka-client/src/main/java/com/netflix/discovery/AbstractAzToRegionMapper.java;ImportDeclaration
/home/paper219/Desktop/analysis/fullsample/projects/eureka/revisions/rev_7afa7b0_9711533/rev_7afa7b0-9711533/eureka-client/src/main/java/com/netflix/discovery/AbstractAzToRegionMapper.java;ImportDeclaration
/home/paper219/Desktop/analysis/fullsample/projects/eureka/revisions/rev_7afa7b0_9711533/rev_7afa7b0-9711533/eureka-client/src/main/java/com/netflix/discovery/EurekaClient.java;ImportDeclaration
/home/paper219/Desktop/analysis/fullsample/projects/eureka/revisions/rev_7afa7b0_9711533/rev_7afa7b0-9711533/eureka-client/src/main/java/com/netflix/discovery/EurekaClient.java;ImportDeclaration
/home/paper219/Desktop/analysis/fullsample/projects/eureka/revisions/rev_7afa7b0_9711533/rev_7afa7b0-9711533/eureka-client/src/main/java/com/netflix/discovery/EurekaClientConfig.java;ImportDeclaration
/home/paper219/Desktop/analysis/fullsample/projects/eureka/revisions/rev_7afa7b0_9711533/rev_7afa7b0-9711533/eureka-client/src/main/java/com/netflix/discovery/EurekaClientConfig.java;ImportDeclaration
/home/paper219/Desktop/analysis/fullsample/projects/eureka/revisions/rev_7afa7b0_9711533/rev_7afa7b0-9711533/eureka-client/src/main/java/com/netflix/discovery/converters/EntityBodyConverter.java;ImportDeclaration
/home/paper219/Desktop/analysis/fullsample/projects/eureka/revisions/rev_7afa7b0_9711533/rev_7afa7b0-9711533/eureka-client/src/main/java/com/netflix/discovery/converters/EntityBodyConverter.java;ImportDeclaration
/home/paper219/Desktop/analysis/fullsample/projects/eureka/revisions/rev_7afa7b0_9711533/rev_7afa7b0-9711533/eureka-client/src/main/java/com/netflix/discovery/converters/Converters.java;ImportDeclaration
/home/paper219/Desktop/analysis/fullsample/projects/eureka/revisions/rev_7afa7b0_9711533/rev_7afa7b0-9711533/eureka-client/src/main/java/com/netflix/discovery/converters/Converters.java;ImportDeclaration
/home/paper219/Desktop/analysis/fullsample/projects/eureka/revisions/rev_7afa7b0_9711533/rev_7afa7b0-9711533/eureka-client/src/main/java/com/netflix/discovery/DiscoveryClient.java;ImportDeclaration
/home/paper219/Desktop/analysis/fullsample/projects/eureka/revisions/rev_7afa7b0_9711533/rev_7afa7b0-9711533/eureka-client/src/main/java/com/netflix/discovery/DiscoveryClient.java;ImportDeclaration
/home/paper219/Desktop/analysis/fullsample/projects/eureka/revisions/rev_7afa7b0_9711533/rev_7afa7b0-9711533/eureka-client/src/main/java/com/netflix/discovery/DiscoveryClient.java;ImportDeclaration
/home/paper219/Desktop/analysis/fullsample/projects/eureka/revisions/rev_7afa7b0_9711533/rev_7afa7b0-9711533/eureka-client/src/main/java/com/netflix/discovery/DiscoveryClient.java;FieldDeclaration
/home/paper219/Desktop/analysis/fullsample/projects/eureka/revisions/rev_7afa7b0_9711533/rev_7afa7b0-9711533/eureka-client/src/main/java/com/netflix/discovery/NotImplementedRegistryImpl.java;ImportDeclaration
/home/paper219/Desktop/analysis/fullsample/projects/eureka/revisions/rev_7afa7b0_9711533/rev_7afa7b0-9711533/eureka-client/src/main/java/com/netflix/discovery/NotImplementedRegistryImpl.java;ImportDeclaration
/home/paper219/Desktop/analysis/fullsample/projects/eureka/revisions/rev_7afa7b0_9711533/rev_7afa7b0-9711533/eureka-client/src/main/java/com/netflix/discovery/provider/DiscoveryJerseyProvider.java;ImportDeclaration
/home/paper219/Desktop/analysis/fullsample/projects/eureka/revisions/rev_7afa7b0_9711533/rev_7afa7b0-9711533/eureka-client/src/main/java/com/netflix/discovery/provider/DiscoveryJerseyProvider.java;ImportDeclaration
/home/paper219/Desktop/analysis/fullsample/projects/eureka/revisions/rev_7afa7b0_9711533/rev_7afa7b0-9711533/eureka-client/src/main/java/com/netflix/discovery/provider/ISerializer.java;ImportDeclaration
/home/paper219/Desktop/analysis/fullsample/projects/eureka/revisions/rev_7afa7b0_9711533/rev_7afa7b0-9711533/eureka-client/src/main/java/com/netflix/discovery/provider/ISerializer.java;ImportDeclaration
/home/paper219/Desktop/analysis/fullsample/projects/eureka/revisions/rev_7afa7b0_9711533/rev_7afa7b0-9711533/eureka-client/src/test/java/com/netflix/appinfo/AmazonInfoTest.java;ImportDeclaration
/home/paper219/Desktop/analysis/fullsample/projects/eureka/revisions/rev_7afa7b0_9711533/rev_7afa7b0-9711533/eureka-client/src/test/java/com/netflix/appinfo/AmazonInfoTest.java;ImportDeclaration
/home/paper219/Desktop/analysis/fullsample/projects/eureka/revisions/rev_7afa7b0_9711533/rev_7afa7b0-9711533/eureka-client/src/test/java/com/netflix/discovery/shared/ApplicationsTest.java;ImportDeclaration
/home/paper219/Desktop/analysis/fullsample/projects/eureka/revisions/rev_7afa7b0_9711533/rev_7afa7b0-9711533/eureka-client/src/test/java/com/netflix/discovery/shared/ApplicationsTest.java;ImportDeclaration
/home/paper219/Desktop/analysis/fullsample/projects/eureka/revisions/rev_7afa7b0_9711533/rev_7afa7b0-9711533/eureka-client/src/test/java/com/netflix/discovery/MockBackupRegistry.java;ImportDeclaration
/home/paper219/Desktop/analysis/fullsample/projects/eureka/revisions/rev_7afa7b0_9711533/rev_7afa7b0-9711533/eureka-client/src/test/java/com/netflix/discovery/MockBackupRegistry.java;ImportDeclaration
/home/paper219/Desktop/analysis/fullsample/projects/eureka/revisions/rev_7afa7b0_9711533/rev_7afa7b0-9711533/eureka-client/src/test/java/com/netflix/discovery/DiscoveryClientCloseJerseyThreadTest.java;ImportDeclaration
/home/paper219/Desktop/analysis/fullsample/projects/eureka/revisions/rev_7afa7b0_9711533/rev_7afa7b0-9711533/eureka-client/src/test/java/com/netflix/discovery/DiscoveryClientCloseJerseyThreadTest.java;ImportDeclaration
/home/paper219/Desktop/analysis/fullsample/projects/eureka/revisions/rev_7afa7b0_9711533/rev_7afa7b0-9711533/eureka-client/src/test/java/com/netflix/discovery/DiscoveryClientDisableRegistryTest.java;ImportDeclaration
/home/paper219/Desktop/analysis/fullsample/projects/eureka/revisions/rev_7afa7b0_9711533/rev_7afa7b0-9711533/eureka-client/src/test/java/com/netflix/discovery/DiscoveryClientDisableRegistryTest.java;ImportDeclaration
/home/paper219/Desktop/analysis/fullsample/projects/eureka/revisions/rev_7afa7b0_9711533/rev_7afa7b0-9711533/eureka-client/src/test/java/com/netflix/discovery/DiscoveryClientDisableRegistryTest.java;ImportDeclaration
/home/paper219/Desktop/analysis/fullsample/projects/eureka/revisions/rev_7afa7b0_9711533/rev_7afa7b0-9711533/eureka-client/src/test/java/com/netflix/discovery/AbstractDiscoveryClientTester.java;ImportDeclaration
/home/paper219/Desktop/analysis/fullsample/projects/eureka/revisions/rev_7afa7b0_9711533/rev_7afa7b0-9711533/eureka-client/src/test/java/com/netflix/discovery/AbstractDiscoveryClientTester.java;ImportDeclaration
/home/paper219/Desktop/analysis/fullsample/projects/eureka/revisions/rev_7afa7b0_9711533/rev_7afa7b0-9711533/eureka-client/src/test/java/com/netflix/discovery/AbstractDiscoveryClientTester.java;FieldDeclaration
/home/paper219/Desktop/analysis/fullsample/projects/eureka/revisions/rev_7afa7b0_9711533/rev_7afa7b0-9711533/eureka-client/src/test/java/com/netflix/discovery/DiscoveryClientRegistryTest.java;ImportDeclaration
/home/paper219/Desktop/analysis/fullsample/projects/eureka/revisions/rev_7afa7b0_9711533/rev_7afa7b0-9711533/eureka-client/src/test/java/com/netflix/discovery/DiscoveryClientRegistryTest.java;ImportDeclaration
/home/paper219/Desktop/analysis/fullsample/projects/eureka/revisions/rev_7afa7b0_9711533/rev_7afa7b0-9711533/eureka-client/src/test/java/com/netflix/discovery/DiscoveryClientRegistryTest.java;ImportDeclaration
/home/paper219/Desktop/analysis/fullsample/projects/eureka/revisions/rev_7afa7b0_9711533/rev_7afa7b0-9711533/eureka-client/src/test/java/com/netflix/discovery/DiscoveryStatusCheckerTest.java;ImportDeclaration
/home/paper219/Desktop/analysis/fullsample/projects/eureka/revisions/rev_7afa7b0_9711533/rev_7afa7b0-9711533/eureka-client/src/test/java/com/netflix/discovery/DiscoveryStatusCheckerTest.java;ImportDeclaration
/home/paper219/Desktop/analysis/fullsample/projects/eureka/revisions/rev_7afa7b0_9711533/rev_7afa7b0-9711533/eureka-client/src/test/java/com/netflix/discovery/DiscoveryStatusCheckerTest.java;ImportDeclaration
/home/paper219/Desktop/analysis/fullsample/projects/eureka/revisions/rev_7afa7b0_9711533/rev_7afa7b0-9711533/eureka-client/src/test/java/com/netflix/discovery/BackUpRegistryTest.java;ImportDeclaration
/home/paper219/Desktop/analysis/fullsample/projects/eureka/revisions/rev_7afa7b0_9711533/rev_7afa7b0-9711533/eureka-client/src/test/java/com/netflix/discovery/BackUpRegistryTest.java;ImportDeclaration
/home/paper219/Desktop/analysis/fullsample/projects/eureka/revisions/rev_7afa7b0_9711533/rev_7afa7b0-9711533/eureka-client/src/test/java/com/netflix/discovery/MockRemoteEurekaServer.java;ImportDeclaration
/home/paper219/Desktop/analysis/fullsample/projects/eureka/revisions/rev_7afa7b0_9711533/rev_7afa7b0-9711533/eureka-client/src/test/java/com/netflix/discovery/MockRemoteEurekaServer.java;ImportDeclaration
/home/paper219/Desktop/analysis/fullsample/projects/eureka/revisions/rev_7afa7b0_9711533/rev_7afa7b0-9711533/eureka-client/src/test/java/com/netflix/discovery/MockRemoteEurekaServer.java;FieldDeclaration
/home/paper219/Desktop/analysis/fullsample/projects/eureka/revisions/rev_7afa7b0_9711533/rev_7afa7b0-9711533/eureka-client/src/test/java/com/netflix/discovery/MockRemoteEurekaServer.java;FieldDeclaration
/home/paper219/Desktop/analysis/fullsample/projects/eureka/revisions/rev_6ad0339_bac3649/rev_6ad0339-bac3649/eureka-core/src/main/java/com/netflix/eureka/util/AwsAsgUtil.java;ImportDeclaration
/home/paper219/Desktop/analysis/fullsample/projects/eureka/revisions/rev_9b180dc_1c2989d/rev_9b180dc-1c2989d/eureka-client/src/main/java/com/netflix/discovery/DiscoveryClient.java;ImportDeclaration
/home/paper219/Desktop/analysis/fullsample/projects/eureka/revisions/rev_9b180dc_1c2989d/rev_9b180dc-1c2989d/eureka-client/src/main/java/com/netflix/discovery/DiscoveryClient.java;FieldDeclaration
/home/paper219/Desktop/analysis/fullsample/projects/eureka/revisions/rev_9b180dc_1c2989d/rev_9b180dc-1c2989d/eureka-client/src/main/java/com/netflix/discovery/DiscoveryClient.java;FieldDeclaration
/home/paper219/Desktop/analysis/fullsample/projects/eureka/revisions/rev_b694d77_fcffccb/rev_b694d77-fcffccb/eureka-server/src/test/java/com/netflix/eureka/resources/EurekaClientServerRestIntegrationTest.java;ImportDeclaration
/home/paper219/Desktop/analysis/fullsample/projects/eureka/revisions/rev_b694d77_fcffccb/rev_b694d77-fcffccb/eureka-core/src/main/java/com/netflix/eureka/RemoteRegionRegistry.java;ImportDeclaration
/home/paper219/Desktop/analysis/fullsample/projects/eureka/revisions/rev_b694d77_fcffccb/rev_b694d77-fcffccb/eureka-core/src/main/java/com/netflix/eureka/cluster/JerseyReplicationClient.java;ImportDeclaration
/home/paper219/Desktop/analysis/fullsample/projects/eureka/revisions/rev_b694d77_fcffccb/rev_b694d77-fcffccb/eureka-client/src/main/java/com/netflix/discovery/DiscoveryClient.java;ImportDeclaration
/home/paper219/Desktop/analysis/fullsample/projects/eureka/revisions/rev_b694d77_fcffccb/rev_b694d77-fcffccb/eureka-client/src/main/java/com/netflix/discovery/DiscoveryClient.java;FieldDeclaration
/home/paper219/Desktop/analysis/fullsample/projects/eureka/revisions/rev_b694d77_fcffccb/rev_b694d77-fcffccb/eureka-client/src/main/java/com/netflix/discovery/DiscoveryClient.java;FieldDeclaration
/home/paper219/Desktop/analysis/fullsample/projects/eureka/revisions/rev_6e0b19f_9415eda/rev_6e0b19f-9415eda/eureka-client/src/main/java/com/netflix/discovery/DiscoveryClient.java;FieldDeclaration
/home/paper219/Desktop/analysis/fullsample/projects/eureka/revisions/rev_a6b86ea_e879aa1/rev_a6b86ea-e879aa1/eureka-core/src/main/java/com/netflix/eureka/cluster/JerseyReplicationClient.java;ImportDeclaration
/home/paper219/Desktop/analysis/fullsample/projects/eureka/revisions/rev_a995b04_c1c4cbe/rev_a995b04-c1c4cbe/eureka-core/src/main/java/com/netflix/eureka/cluster/JerseyReplicationClient.java;ImportDeclaration
/home/paper219/Desktop/analysis/fullsample/projects/eureka/revisions/rev_a995b04_c1c4cbe/rev_a995b04-c1c4cbe/eureka-client/src/test/java/com/netflix/discovery/converters/EurekaJacksonCodecTest.java;FieldDeclaration
/home/paper219/Desktop/analysis/fullsample/projects/eureka/revisions/rev_c1c4cbe_dd8d47d/rev_c1c4cbe-dd8d47d/eureka-server/src/test/java/com/netflix/eureka/resources/EurekaClientServerRestIntegrationTest.java;ImportDeclaration
/home/paper219/Desktop/analysis/fullsample/projects/eureka/revisions/rev_c1c4cbe_dd8d47d/rev_c1c4cbe-dd8d47d/eureka-test-utils/src/main/java/com/netflix/discovery/util/DiagnosticClient.java;ImportDeclaration
/home/paper219/Desktop/analysis/fullsample/projects/eureka/revisions/rev_c1c4cbe_dd8d47d/rev_c1c4cbe-dd8d47d/eureka-test-utils/src/main/java/com/netflix/discovery/util/DiagnosticClient.java;ImportDeclaration
/home/paper219/Desktop/analysis/fullsample/projects/eureka/revisions/rev_c1c4cbe_dd8d47d/rev_c1c4cbe-dd8d47d/eureka-test-utils/src/main/java/com/netflix/discovery/util/DiagnosticClient.java;FieldDeclaration
/home/paper219/Desktop/analysis/fullsample/projects/eureka/revisions/rev_c1c4cbe_dd8d47d/rev_c1c4cbe-dd8d47d/eureka-core/src/main/java/com/netflix/eureka/lease/LeaseManager.java;ImportDeclaration
/home/paper219/Desktop/analysis/fullsample/projects/eureka/revisions/rev_c1c4cbe_dd8d47d/rev_c1c4cbe-dd8d47d/eureka-core/src/main/java/com/netflix/eureka/lease/Lease.java;ImportDeclaration
/home/paper219/Desktop/analysis/fullsample/projects/eureka/revisions/rev_c1c4cbe_dd8d47d/rev_c1c4cbe-dd8d47d/eureka-core/src/main/java/com/netflix/eureka/ServerRequestAuthFilter.java;ImportDeclaration
/home/paper219/Desktop/analysis/fullsample/projects/eureka/revisions/rev_c1c4cbe_dd8d47d/rev_c1c4cbe-dd8d47d/eureka-core/src/main/java/com/netflix/eureka/EurekaBootStrap.java;ImportDeclaration
/home/paper219/Desktop/analysis/fullsample/projects/eureka/revisions/rev_c1c4cbe_dd8d47d/rev_c1c4cbe-dd8d47d/eureka-core/src/main/java/com/netflix/eureka/EurekaBootStrap.java;ImportDeclaration
/home/paper219/Desktop/analysis/fullsample/projects/eureka/revisions/rev_c1c4cbe_dd8d47d/rev_c1c4cbe-dd8d47d/eureka-core/src/main/java/com/netflix/eureka/EurekaBootStrap.java;ImportDeclaration
/home/paper219/Desktop/analysis/fullsample/projects/eureka/revisions/rev_c1c4cbe_dd8d47d/rev_c1c4cbe-dd8d47d/eureka-core/src/main/java/com/netflix/eureka/EurekaBootStrap.java;ImportDeclaration
/home/paper219/Desktop/analysis/fullsample/projects/eureka/revisions/rev_c1c4cbe_dd8d47d/rev_c1c4cbe-dd8d47d/eureka-core/src/main/java/com/netflix/eureka/EurekaBootStrap.java;ImportDeclaration
/home/paper219/Desktop/analysis/fullsample/projects/eureka/revisions/rev_c1c4cbe_dd8d47d/rev_c1c4cbe-dd8d47d/eureka-core/src/main/java/com/netflix/eureka/EurekaBootStrap.java;ImportDeclaration
/home/paper219/Desktop/analysis/fullsample/projects/eureka/revisions/rev_c1c4cbe_dd8d47d/rev_c1c4cbe-dd8d47d/eureka-core/src/main/java/com/netflix/eureka/EurekaBootStrap.java;ImportDeclaration
/home/paper219/Desktop/analysis/fullsample/projects/eureka/revisions/rev_c1c4cbe_dd8d47d/rev_c1c4cbe-dd8d47d/eureka-core/src/main/java/com/netflix/eureka/EurekaBootStrap.java;FieldDeclaration
/home/paper219/Desktop/analysis/fullsample/projects/eureka/revisions/rev_c1c4cbe_dd8d47d/rev_c1c4cbe-dd8d47d/eureka-core/src/main/java/com/netflix/eureka/EurekaBootStrap.java;FieldDeclaration
/home/paper219/Desktop/analysis/fullsample/projects/eureka/revisions/rev_c1c4cbe_dd8d47d/rev_c1c4cbe-dd8d47d/eureka-core/src/main/java/com/netflix/eureka/EurekaBootStrap.java;ConstructorDeclaration
/home/paper219/Desktop/analysis/fullsample/projects/eureka/revisions/rev_c1c4cbe_dd8d47d/rev_c1c4cbe-dd8d47d/eureka-core/src/main/java/com/netflix/eureka/EurekaBootStrap.java;FieldDeclaration
/home/paper219/Desktop/analysis/fullsample/projects/eureka/revisions/rev_c1c4cbe_dd8d47d/rev_c1c4cbe-dd8d47d/eureka-core/src/main/java/com/netflix/eureka/EurekaBootStrap.java;MethodDeclaration
/home/paper219/Desktop/analysis/fullsample/projects/eureka/revisions/rev_c1c4cbe_dd8d47d/rev_c1c4cbe-dd8d47d/eureka-core/src/main/java/com/netflix/eureka/RateLimitingFilter.java;ImportDeclaration
/home/paper219/Desktop/analysis/fullsample/projects/eureka/revisions/rev_c1c4cbe_dd8d47d/rev_c1c4cbe-dd8d47d/eureka-core/src/main/java/com/netflix/eureka/RateLimitingFilter.java;FieldDeclaration
/home/paper219/Desktop/analysis/fullsample/projects/eureka/revisions/rev_c1c4cbe_dd8d47d/rev_c1c4cbe-dd8d47d/eureka-core/src/main/java/com/netflix/eureka/RateLimitingFilter.java;FieldDeclaration
/home/paper219/Desktop/analysis/fullsample/projects/eureka/revisions/rev_c1c4cbe_dd8d47d/rev_c1c4cbe-dd8d47d/eureka-core/src/main/java/com/netflix/eureka/RateLimitingFilter.java;MethodDeclaration
/home/paper219/Desktop/analysis/fullsample/projects/eureka/revisions/rev_c1c4cbe_dd8d47d/rev_c1c4cbe-dd8d47d/eureka-core/src/main/java/com/netflix/eureka/V1AwareInstanceInfoConverter.java;ImportDeclaration
/home/paper219/Desktop/analysis/fullsample/projects/eureka/revisions/rev_c1c4cbe_dd8d47d/rev_c1c4cbe-dd8d47d/eureka-core/src/main/java/com/netflix/eureka/cluster/AsgReplicationTask.java;ImportDeclaration
/home/paper219/Desktop/analysis/fullsample/projects/eureka/revisions/rev_c1c4cbe_dd8d47d/rev_c1c4cbe-dd8d47d/eureka-core/src/main/java/com/netflix/eureka/cluster/PeerEurekaNode.java;ImportDeclaration
/home/paper219/Desktop/analysis/fullsample/projects/eureka/revisions/rev_c1c4cbe_dd8d47d/rev_c1c4cbe-dd8d47d/eureka-core/src/main/java/com/netflix/eureka/cluster/protocol/ReplicationInstance.java;ImportDeclaration
/home/paper219/Desktop/analysis/fullsample/projects/eureka/revisions/rev_c1c4cbe_dd8d47d/rev_c1c4cbe-dd8d47d/eureka-core/src/main/java/com/netflix/eureka/cluster/ReplicationTaskProcessor.java;ImportDeclaration
/home/paper219/Desktop/analysis/fullsample/projects/eureka/revisions/rev_c1c4cbe_dd8d47d/rev_c1c4cbe-dd8d47d/eureka-core/src/main/java/com/netflix/eureka/cluster/InstanceReplicationTask.java;ImportDeclaration
/home/paper219/Desktop/analysis/fullsample/projects/eureka/revisions/rev_c1c4cbe_dd8d47d/rev_c1c4cbe-dd8d47d/eureka-core/src/main/java/com/netflix/eureka/cluster/JerseyReplicationClient.java;ImportDeclaration
/home/paper219/Desktop/analysis/fullsample/projects/eureka/revisions/rev_c1c4cbe_dd8d47d/rev_c1c4cbe-dd8d47d/eureka-core/src/main/java/com/netflix/eureka/StatusFilter.java;ImportDeclaration
/home/paper219/Desktop/analysis/fullsample/projects/eureka/revisions/rev_c1c4cbe_dd8d47d/rev_c1c4cbe-dd8d47d/eureka-core/src/main/java/com/netflix/eureka/resources/ServerCodecs.java;ImportDeclaration
/home/paper219/Desktop/analysis/fullsample/projects/eureka/revisions/rev_c1c4cbe_dd8d47d/rev_c1c4cbe-dd8d47d/eureka-core/src/main/java/com/netflix/eureka/resources/ServerCodecs.java;ImportDeclaration
/home/paper219/Desktop/analysis/fullsample/projects/eureka/revisions/rev_c1c4cbe_dd8d47d/rev_c1c4cbe-dd8d47d/eureka-core/src/main/java/com/netflix/eureka/resources/ServerCodecs.java;FieldDeclaration
/home/paper219/Desktop/analysis/fullsample/projects/eureka/revisions/rev_c1c4cbe_dd8d47d/rev_c1c4cbe-dd8d47d/eureka-core/src/main/java/com/netflix/eureka/resources/ServerCodecs.java;FieldDeclaration
/home/paper219/Desktop/analysis/fullsample/projects/eureka/revisions/rev_c1c4cbe_dd8d47d/rev_c1c4cbe-dd8d47d/eureka-core/src/main/java/com/netflix/eureka/resources/AbstractVIPResource.java;ImportDeclaration
/home/paper219/Desktop/analysis/fullsample/projects/eureka/revisions/rev_c1c4cbe_dd8d47d/rev_c1c4cbe-dd8d47d/eureka-core/src/main/java/com/netflix/eureka/resources/AbstractVIPResource.java;ImportDeclaration
/home/paper219/Desktop/analysis/fullsample/projects/eureka/revisions/rev_c1c4cbe_dd8d47d/rev_c1c4cbe-dd8d47d/eureka-core/src/main/java/com/netflix/eureka/resources/AbstractVIPResource.java;FieldDeclaration
/home/paper219/Desktop/analysis/fullsample/projects/eureka/revisions/rev_c1c4cbe_dd8d47d/rev_c1c4cbe-dd8d47d/eureka-core/src/main/java/com/netflix/eureka/resources/AbstractVIPResource.java;FieldDeclaration
/home/paper219/Desktop/analysis/fullsample/projects/eureka/revisions/rev_c1c4cbe_dd8d47d/rev_c1c4cbe-dd8d47d/eureka-core/src/main/java/com/netflix/eureka/resources/StatusResource.java;ImportDeclaration
/home/paper219/Desktop/analysis/fullsample/projects/eureka/revisions/rev_c1c4cbe_dd8d47d/rev_c1c4cbe-dd8d47d/eureka-core/src/main/java/com/netflix/eureka/resources/StatusResource.java;ImportDeclaration
/home/paper219/Desktop/analysis/fullsample/projects/eureka/revisions/rev_c1c4cbe_dd8d47d/rev_c1c4cbe-dd8d47d/eureka-core/src/main/java/com/netflix/eureka/resources/StatusResource.java;ImportDeclaration
/home/paper219/Desktop/analysis/fullsample/projects/eureka/revisions/rev_c1c4cbe_dd8d47d/rev_c1c4cbe-dd8d47d/eureka-core/src/main/java/com/netflix/eureka/resources/StatusResource.java;ImportDeclaration
/home/paper219/Desktop/analysis/fullsample/projects/eureka/revisions/rev_c1c4cbe_dd8d47d/rev_c1c4cbe-dd8d47d/eureka-core/src/main/java/com/netflix/eureka/resources/StatusResource.java;FieldDeclaration
/home/paper219/Desktop/analysis/fullsample/projects/eureka/revisions/rev_c1c4cbe_dd8d47d/rev_c1c4cbe-dd8d47d/eureka-core/src/main/java/com/netflix/eureka/resources/StatusResource.java;FieldDeclaration
/home/paper219/Desktop/analysis/fullsample/projects/eureka/revisions/rev_c1c4cbe_dd8d47d/rev_c1c4cbe-dd8d47d/eureka-core/src/main/java/com/netflix/eureka/resources/InstanceResource.java;ImportDeclaration
/home/paper219/Desktop/analysis/fullsample/projects/eureka/revisions/rev_c1c4cbe_dd8d47d/rev_c1c4cbe-dd8d47d/eureka-core/src/main/java/com/netflix/eureka/resources/InstanceResource.java;FieldDeclaration
/home/paper219/Desktop/analysis/fullsample/projects/eureka/revisions/rev_c1c4cbe_dd8d47d/rev_c1c4cbe-dd8d47d/eureka-core/src/main/java/com/netflix/eureka/resources/InstanceResource.java;FieldDeclaration
/home/paper219/Desktop/analysis/fullsample/projects/eureka/revisions/rev_c1c4cbe_dd8d47d/rev_c1c4cbe-dd8d47d/eureka-core/src/main/java/com/netflix/eureka/resources/InstanceResource.java;ConstructorDeclaration
/home/paper219/Desktop/analysis/fullsample/projects/eureka/revisions/rev_c1c4cbe_dd8d47d/rev_c1c4cbe-dd8d47d/eureka-core/src/main/java/com/netflix/eureka/resources/ASGResource.java;ImportDeclaration
/home/paper219/Desktop/analysis/fullsample/projects/eureka/revisions/rev_c1c4cbe_dd8d47d/rev_c1c4cbe-dd8d47d/eureka-core/src/main/java/com/netflix/eureka/resources/ASGResource.java;ImportDeclaration
/home/paper219/Desktop/analysis/fullsample/projects/eureka/revisions/rev_c1c4cbe_dd8d47d/rev_c1c4cbe-dd8d47d/eureka-core/src/main/java/com/netflix/eureka/resources/ASGResource.java;ImportDeclaration
/home/paper219/Desktop/analysis/fullsample/projects/eureka/revisions/rev_c1c4cbe_dd8d47d/rev_c1c4cbe-dd8d47d/eureka-core/src/main/java/com/netflix/eureka/resources/ASGResource.java;FieldDeclaration
/home/paper219/Desktop/analysis/fullsample/projects/eureka/revisions/rev_c1c4cbe_dd8d47d/rev_c1c4cbe-dd8d47d/eureka-core/src/main/java/com/netflix/eureka/resources/ASGResource.java;ConstructorDeclaration
/home/paper219/Desktop/analysis/fullsample/projects/eureka/revisions/rev_c1c4cbe_dd8d47d/rev_c1c4cbe-dd8d47d/eureka-core/src/main/java/com/netflix/eureka/resources/InstancesResource.java;ImportDeclaration
/home/paper219/Desktop/analysis/fullsample/projects/eureka/revisions/rev_c1c4cbe_dd8d47d/rev_c1c4cbe-dd8d47d/eureka-core/src/main/java/com/netflix/eureka/resources/InstancesResource.java;ImportDeclaration
/home/paper219/Desktop/analysis/fullsample/projects/eureka/revisions/rev_c1c4cbe_dd8d47d/rev_c1c4cbe-dd8d47d/eureka-core/src/main/java/com/netflix/eureka/resources/ApplicationResource.java;ImportDeclaration
/home/paper219/Desktop/analysis/fullsample/projects/eureka/revisions/rev_c1c4cbe_dd8d47d/rev_c1c4cbe-dd8d47d/eureka-core/src/main/java/com/netflix/eureka/resources/ApplicationResource.java;ImportDeclaration
/home/paper219/Desktop/analysis/fullsample/projects/eureka/revisions/rev_c1c4cbe_dd8d47d/rev_c1c4cbe-dd8d47d/eureka-core/src/main/java/com/netflix/eureka/resources/ApplicationResource.java;FieldDeclaration
/home/paper219/Desktop/analysis/fullsample/projects/eureka/revisions/rev_c1c4cbe_dd8d47d/rev_c1c4cbe-dd8d47d/eureka-core/src/main/java/com/netflix/eureka/resources/ApplicationResource.java;FieldDeclaration
/home/paper219/Desktop/analysis/fullsample/projects/eureka/revisions/rev_c1c4cbe_dd8d47d/rev_c1c4cbe-dd8d47d/eureka-core/src/main/java/com/netflix/eureka/resources/ServerInfoResource.java;ImportDeclaration
/home/paper219/Desktop/analysis/fullsample/projects/eureka/revisions/rev_c1c4cbe_dd8d47d/rev_c1c4cbe-dd8d47d/eureka-core/src/main/java/com/netflix/eureka/resources/ServerInfoResource.java;ImportDeclaration
/home/paper219/Desktop/analysis/fullsample/projects/eureka/revisions/rev_c1c4cbe_dd8d47d/rev_c1c4cbe-dd8d47d/eureka-core/src/main/java/com/netflix/eureka/resources/VIPResource.java;ImportDeclaration
/home/paper219/Desktop/analysis/fullsample/projects/eureka/revisions/rev_c1c4cbe_dd8d47d/rev_c1c4cbe-dd8d47d/eureka-core/src/main/java/com/netflix/eureka/resources/VIPResource.java;ImportDeclaration
/home/paper219/Desktop/analysis/fullsample/projects/eureka/revisions/rev_c1c4cbe_dd8d47d/rev_c1c4cbe-dd8d47d/eureka-core/src/main/java/com/netflix/eureka/resources/VIPResource.java;ConstructorDeclaration
/home/paper219/Desktop/analysis/fullsample/projects/eureka/revisions/rev_c1c4cbe_dd8d47d/rev_c1c4cbe-dd8d47d/eureka-core/src/main/java/com/netflix/eureka/resources/PeerReplicationResource.java;ImportDeclaration
/home/paper219/Desktop/analysis/fullsample/projects/eureka/revisions/rev_c1c4cbe_dd8d47d/rev_c1c4cbe-dd8d47d/eureka-core/src/main/java/com/netflix/eureka/resources/PeerReplicationResource.java;ImportDeclaration
/home/paper219/Desktop/analysis/fullsample/projects/eureka/revisions/rev_c1c4cbe_dd8d47d/rev_c1c4cbe-dd8d47d/eureka-core/src/main/java/com/netflix/eureka/resources/PeerReplicationResource.java;ImportDeclaration
/home/paper219/Desktop/analysis/fullsample/projects/eureka/revisions/rev_c1c4cbe_dd8d47d/rev_c1c4cbe-dd8d47d/eureka-core/src/main/java/com/netflix/eureka/resources/SecureVIPResource.java;ImportDeclaration
/home/paper219/Desktop/analysis/fullsample/projects/eureka/revisions/rev_c1c4cbe_dd8d47d/rev_c1c4cbe-dd8d47d/eureka-core/src/main/java/com/netflix/eureka/resources/SecureVIPResource.java;ImportDeclaration
/home/paper219/Desktop/analysis/fullsample/projects/eureka/revisions/rev_c1c4cbe_dd8d47d/rev_c1c4cbe-dd8d47d/eureka-core/src/main/java/com/netflix/eureka/resources/SecureVIPResource.java;ConstructorDeclaration
/home/paper219/Desktop/analysis/fullsample/projects/eureka/revisions/rev_c1c4cbe_dd8d47d/rev_c1c4cbe-dd8d47d/eureka-core/src/main/java/com/netflix/eureka/DefaultEurekaServerConfig.java;ImportDeclaration
/home/paper219/Desktop/analysis/fullsample/projects/eureka/revisions/rev_c1c4cbe_dd8d47d/rev_c1c4cbe-dd8d47d/eureka-core/src/test/java/com/netflix/eureka/RateLimitingFilterTest.java;ImportDeclaration
/home/paper219/Desktop/analysis/fullsample/projects/eureka/revisions/rev_c1c4cbe_dd8d47d/rev_c1c4cbe-dd8d47d/eureka-core/src/test/java/com/netflix/eureka/RateLimitingFilterTest.java;FieldDeclaration
/home/paper219/Desktop/analysis/fullsample/projects/eureka/revisions/rev_c1c4cbe_dd8d47d/rev_c1c4cbe-dd8d47d/eureka-core/src/test/java/com/netflix/eureka/mock/MockRemoteEurekaServer.java;ImportDeclaration
/home/paper219/Desktop/analysis/fullsample/projects/eureka/revisions/rev_c1c4cbe_dd8d47d/rev_c1c4cbe-dd8d47d/eureka-core/src/test/java/com/netflix/eureka/mock/MockRemoteEurekaServer.java;ImportDeclaration
/home/paper219/Desktop/analysis/fullsample/projects/eureka/revisions/rev_c1c4cbe_dd8d47d/rev_c1c4cbe-dd8d47d/eureka-core/src/test/java/com/netflix/eureka/cluster/JerseyReplicationClientTest.java;ImportDeclaration
/home/paper219/Desktop/analysis/fullsample/projects/eureka/revisions/rev_c1c4cbe_dd8d47d/rev_c1c4cbe-dd8d47d/eureka-core/src/test/java/com/netflix/eureka/cluster/JerseyReplicationClientTest.java;FieldDeclaration
/home/paper219/Desktop/analysis/fullsample/projects/eureka/revisions/rev_c1c4cbe_dd8d47d/rev_c1c4cbe-dd8d47d/eureka-core/src/test/java/com/netflix/eureka/cluster/ReplicationTaskProcessorTest.java;ImportDeclaration
/home/paper219/Desktop/analysis/fullsample/projects/eureka/revisions/rev_c1c4cbe_dd8d47d/rev_c1c4cbe-dd8d47d/eureka-core/src/test/java/com/netflix/eureka/cluster/PeerEurekaNodeTest.java;ImportDeclaration
/home/paper219/Desktop/analysis/fullsample/projects/eureka/revisions/rev_c1c4cbe_dd8d47d/rev_c1c4cbe-dd8d47d/eureka-core/src/test/java/com/netflix/eureka/cluster/PeerEurekaNodeTest.java;ImportDeclaration
/home/paper219/Desktop/analysis/fullsample/projects/eureka/revisions/rev_c1c4cbe_dd8d47d/rev_c1c4cbe-dd8d47d/eureka-core/src/test/java/com/netflix/eureka/cluster/ClusterSampleData.java;ImportDeclaration
/home/paper219/Desktop/analysis/fullsample/projects/eureka/revisions/rev_c1c4cbe_dd8d47d/rev_c1c4cbe-dd8d47d/eureka-core/src/test/java/com/netflix/eureka/AbstractTester.java;ImportDeclaration
/home/paper219/Desktop/analysis/fullsample/projects/eureka/revisions/rev_c1c4cbe_dd8d47d/rev_c1c4cbe-dd8d47d/eureka-core/src/test/java/com/netflix/eureka/AbstractTester.java;ImportDeclaration
/home/paper219/Desktop/analysis/fullsample/projects/eureka/revisions/rev_c1c4cbe_dd8d47d/rev_c1c4cbe-dd8d47d/eureka-core/src/test/java/com/netflix/eureka/AbstractTester.java;ImportDeclaration
/home/paper219/Desktop/analysis/fullsample/projects/eureka/revisions/rev_c1c4cbe_dd8d47d/rev_c1c4cbe-dd8d47d/eureka-core/src/test/java/com/netflix/eureka/AbstractTester.java;ImportDeclaration
/home/paper219/Desktop/analysis/fullsample/projects/eureka/revisions/rev_c1c4cbe_dd8d47d/rev_c1c4cbe-dd8d47d/eureka-core/src/test/java/com/netflix/eureka/AbstractTester.java;ImportDeclaration
/home/paper219/Desktop/analysis/fullsample/projects/eureka/revisions/rev_c1c4cbe_dd8d47d/rev_c1c4cbe-dd8d47d/eureka-core/src/test/java/com/netflix/eureka/AbstractTester.java;FieldDeclaration
/home/paper219/Desktop/analysis/fullsample/projects/eureka/revisions/rev_c1c4cbe_dd8d47d/rev_c1c4cbe-dd8d47d/eureka-core/src/test/java/com/netflix/eureka/AbstractTester.java;FieldDeclaration
/home/paper219/Desktop/analysis/fullsample/projects/eureka/revisions/rev_c1c4cbe_dd8d47d/rev_c1c4cbe-dd8d47d/eureka-core/src/test/java/com/netflix/eureka/AbstractTester.java;FieldDeclaration
/home/paper219/Desktop/analysis/fullsample/projects/eureka/revisions/rev_c1c4cbe_dd8d47d/rev_c1c4cbe-dd8d47d/eureka-core/src/test/java/com/netflix/eureka/AbstractTester.java;FieldDeclaration
/home/paper219/Desktop/analysis/fullsample/projects/eureka/revisions/rev_c1c4cbe_dd8d47d/rev_c1c4cbe-dd8d47d/eureka-core/src/test/java/com/netflix/eureka/AbstractTester.java;ConstructorDeclaration
/home/paper219/Desktop/analysis/fullsample/projects/eureka/revisions/rev_c1c4cbe_dd8d47d/rev_c1c4cbe-dd8d47d/eureka-core/src/test/java/com/netflix/eureka/RemoteRegionSoftDependencyTest.java;ImportDeclaration
/home/paper219/Desktop/analysis/fullsample/projects/eureka/revisions/rev_c1c4cbe_dd8d47d/rev_c1c4cbe-dd8d47d/eureka-core/src/test/java/com/netflix/eureka/RemoteRegionSoftDependencyTest.java;ImportDeclaration
/home/paper219/Desktop/analysis/fullsample/projects/eureka/revisions/rev_c1c4cbe_dd8d47d/rev_c1c4cbe-dd8d47d/eureka-core/src/test/java/com/netflix/eureka/RemoteRegionSoftDependencyTest.java;MethodDeclaration
/home/paper219/Desktop/analysis/fullsample/projects/eureka/revisions/rev_c1c4cbe_dd8d47d/rev_c1c4cbe-dd8d47d/eureka-core/src/test/java/com/netflix/eureka/resources/AbstractVIPResourceTest.java;ImportDeclaration
/home/paper219/Desktop/analysis/fullsample/projects/eureka/revisions/rev_c1c4cbe_dd8d47d/rev_c1c4cbe-dd8d47d/eureka-core/src/test/java/com/netflix/eureka/resources/PeerReplicationResourceTest.java;ImportDeclaration
/home/paper219/Desktop/analysis/fullsample/projects/eureka/revisions/rev_c1c4cbe_dd8d47d/rev_c1c4cbe-dd8d47d/eureka-client/src/main/java/com/netflix/appinfo/ApplicationInfoManager.java;ConstructorDeclaration
/home/paper219/Desktop/analysis/fullsample/projects/eureka/revisions/rev_c1c4cbe_dd8d47d/rev_c1c4cbe-dd8d47d/eureka-client/src/main/java/com/netflix/discovery/PropertyBasedAzToRegionMapper.java;FieldDeclaration
/home/paper219/Desktop/analysis/fullsample/projects/eureka/revisions/rev_c1c4cbe_dd8d47d/rev_c1c4cbe-dd8d47d/eureka-client/src/main/java/com/netflix/discovery/AbstractAzToRegionMapper.java;FieldDeclaration
/home/paper219/Desktop/analysis/fullsample/projects/eureka/revisions/rev_c1c4cbe_dd8d47d/rev_c1c4cbe-dd8d47d/eureka-client/src/main/java/com/netflix/discovery/DNSBasedAzToRegionMapper.java;ImportDeclaration
/home/paper219/Desktop/analysis/fullsample/projects/eureka/revisions/rev_c1c4cbe_dd8d47d/rev_c1c4cbe-dd8d47d/eureka-client/src/main/java/com/netflix/discovery/DNSBasedAzToRegionMapper.java;ConstructorDeclaration
/home/paper219/Desktop/analysis/fullsample/projects/eureka/revisions/rev_c1c4cbe_dd8d47d/rev_c1c4cbe-dd8d47d/eureka-client/src/main/java/com/netflix/discovery/DNSBasedAzToRegionMapper.java;FieldDeclaration
/home/paper219/Desktop/analysis/fullsample/projects/eureka/revisions/rev_c1c4cbe_dd8d47d/rev_c1c4cbe-dd8d47d/eureka-client/src/main/java/com/netflix/discovery/DiscoveryClient.java;ImportDeclaration
/home/paper219/Desktop/analysis/fullsample/projects/eureka/revisions/rev_c1c4cbe_dd8d47d/rev_c1c4cbe-dd8d47d/eureka-client/src/main/java/com/netflix/discovery/DiscoveryClient.java;ImportDeclaration
/home/paper219/Desktop/analysis/fullsample/projects/eureka/revisions/rev_c1c4cbe_dd8d47d/rev_c1c4cbe-dd8d47d/eureka-client/src/main/java/com/netflix/discovery/DiscoveryClient.java;FieldDeclaration
/home/paper219/Desktop/analysis/fullsample/projects/eureka/revisions/rev_c1c4cbe_dd8d47d/rev_c1c4cbe-dd8d47d/eureka-client/src/main/java/com/netflix/discovery/DiscoveryClient.java;FieldDeclaration
/home/paper219/Desktop/analysis/fullsample/projects/eureka/revisions/rev_c1c4cbe_dd8d47d/rev_c1c4cbe-dd8d47d/eureka-client/src/main/java/com/netflix/discovery/DiscoveryClient.java;MethodDeclaration
/home/paper219/Desktop/analysis/fullsample/projects/eureka/revisions/rev_7c47165_264020a/rev_7c47165-264020a/eureka-core/src/main/java/com/netflix/eureka/DefaultEurekaServerConfig.java;MethodDeclaration
/home/paper219/Desktop/analysis/fullsample/projects/eureka/revisions/rev_aa986ae_507bb14/rev_aa986ae-507bb14/eureka-core/src/main/java/com/netflix/eureka/cluster/ReplicationTaskProcessor.java;ImportDeclaration
/home/paper219/Desktop/analysis/fullsample/projects/eureka/revisions/rev_aa986ae_507bb14/rev_aa986ae-507bb14/eureka-core/src/test/java/com/netflix/eureka/cluster/ReplicationTaskProcessorTest.java;ImportDeclaration
/home/paper219/Desktop/analysis/fullsample/projects/eureka/revisions/rev_aa986ae_507bb14/rev_aa986ae-507bb14/eureka-core/src/test/java/com/netflix/eureka/cluster/ClusterSampleData.java;FieldDeclaration
/home/paper219/Desktop/analysis/fullsample/projects/eureka/revisions/rev_2529120_333a91e/rev_2529120-333a91e/eureka-core/src/main/java/com/netflix/eureka/cluster/ReplicationTaskProcessor.java;ImportDeclaration
/home/paper219/Desktop/analysis/fullsample/projects/eureka/revisions/rev_2529120_333a91e/rev_2529120-333a91e/eureka-core/src/main/java/com/netflix/eureka/DefaultEurekaServerConfig.java;MethodDeclaration
/home/paper219/Desktop/analysis/fullsample/projects/eureka/revisions/rev_2529120_333a91e/rev_2529120-333a91e/eureka-client-archaius2/src/main/java/com/netflix/discovery/EurekaArchaius2ClientConfig.java;MethodDeclaration
/home/paper219/Desktop/analysis/fullsample/projects/eureka/revisions/rev_2529120_333a91e/rev_2529120-333a91e/eureka-client/src/main/java/com/netflix/discovery/DefaultEurekaClientConfig.java;MethodDeclaration
/home/paper219/Desktop/analysis/fullsample/projects/eureka/revisions/rev_b49487b_7fadaa1/rev_b49487b-7fadaa1/eureka-core/src/main/java/com/netflix/eureka/cluster/PeerEurekaNode.java;ImportDeclaration
/home/paper219/Desktop/analysis/fullsample/projects/eureka/revisions/rev_e7062d2_5e462f7/rev_e7062d2-5e462f7/eureka-client/src/test/java/com/netflix/discovery/guice/EurekaModuleTest.java;ImportDeclaration
/home/paper219/Desktop/analysis/fullsample/projects/eureka/revisions/rev_203fa01_9950fce/rev_203fa01-9950fce/eureka-core/src/main/java/com/netflix/eureka/util/StatusUtil.java;FieldDeclaration
