revision;duplications
/home/paper219/Desktop/analysis/fullsample//projects/eureka/revisions/rev_2722f1f_8f289b7/rev_2722f1f-8f289b7.revisions;0
/home/paper219/Desktop/analysis/fullsample//projects/eureka/revisions/rev_7de6ec8_c757ba4/rev_7de6ec8-c757ba4.revisions;0
/home/paper219/Desktop/analysis/fullsample//projects/eureka/revisions/rev_4ac445c_ab7dfdb/rev_4ac445c-ab7dfdb.revisions;0
/home/paper219/Desktop/analysis/fullsample//projects/eureka/revisions/rev_ffb108d_a8a86bf/rev_ffb108d-a8a86bf.revisions;0
/home/paper219/Desktop/analysis/fullsample//projects/eureka/revisions/rev_f170a3e_2b31d36/rev_f170a3e-2b31d36.revisions;0
/home/paper219/Desktop/analysis/fullsample//projects/eureka/revisions/rev_0a87959_4215df6/rev_0a87959-4215df6.revisions;0
/home/paper219/Desktop/analysis/fullsample//projects/eureka/revisions/rev_00459ca_0f40506/rev_00459ca-0f40506.revisions;0
/home/paper219/Desktop/analysis/fullsample//projects/eureka/revisions/rev_e7da2a2_68e3afe/rev_e7da2a2-68e3afe.revisions;0
/home/paper219/Desktop/analysis/fullsample//projects/eureka/revisions/rev_fc7003c_85392fa/rev_fc7003c-85392fa.revisions;0
/home/paper219/Desktop/analysis/fullsample//projects/eureka/revisions/rev_7c28a76_bc66205/rev_7c28a76-bc66205.revisions;0
/home/paper219/Desktop/analysis/fullsample//projects/eureka/revisions/rev_9a28310_cf9ab84/rev_9a28310-cf9ab84.revisions;0
/home/paper219/Desktop/analysis/fullsample//projects/eureka/revisions/rev_bf5b268_eaa8fc9/rev_bf5b268-eaa8fc9.revisions;0
/home/paper219/Desktop/analysis/fullsample//projects/eureka/revisions/rev_3276bb5_7c2ce8e/rev_3276bb5-7c2ce8e.revisions;0
/home/paper219/Desktop/analysis/fullsample//projects/eureka/revisions/rev_c82e8c2_5aa23f9/rev_c82e8c2-5aa23f9.revisions;0
/home/paper219/Desktop/analysis/fullsample//projects/eureka/revisions/rev_8b3ee29_4fda696/rev_8b3ee29-4fda696.revisions;0
/home/paper219/Desktop/analysis/fullsample//projects/eureka/revisions/rev_9c91374_39b01d2/rev_9c91374-39b01d2.revisions;0
/home/paper219/Desktop/analysis/fullsample//projects/eureka/revisions/rev_510046b_c33799a/rev_510046b-c33799a.revisions;0
/home/paper219/Desktop/analysis/fullsample//projects/eureka/revisions/rev_f6ca1a3_7939ccf/rev_f6ca1a3-7939ccf.revisions;0
/home/paper219/Desktop/analysis/fullsample//projects/eureka/revisions/rev_79e7688_79c4293/rev_79e7688-79c4293.revisions;0
/home/paper219/Desktop/analysis/fullsample//projects/eureka/revisions/rev_68acc47_cfce014/rev_68acc47-cfce014.revisions;0
/home/paper219/Desktop/analysis/fullsample//projects/eureka/revisions/rev_72cdf65_36e5b8f/rev_72cdf65-36e5b8f.revisions;0
/home/paper219/Desktop/analysis/fullsample//projects/eureka/revisions/rev_72cdf65_af63b1d/rev_72cdf65-af63b1d.revisions;0
/home/paper219/Desktop/analysis/fullsample//projects/eureka/revisions/rev_1faaddf_7d50288/rev_1faaddf-7d50288.revisions;0
/home/paper219/Desktop/analysis/fullsample//projects/eureka/revisions/rev_7d50288_c689195/rev_7d50288-c689195.revisions;0
/home/paper219/Desktop/analysis/fullsample//projects/eureka/revisions/rev_26816f3_db05503/rev_26816f3-db05503.revisions;0
/home/paper219/Desktop/analysis/fullsample//projects/eureka/revisions/rev_e177867_7f5f81d/rev_e177867-7f5f81d.revisions;0
/home/paper219/Desktop/analysis/fullsample//projects/eureka/revisions/rev_bd4f943_9b5c58a/rev_bd4f943-9b5c58a.revisions;0
/home/paper219/Desktop/analysis/fullsample//projects/eureka/revisions/rev_f432da6_ae796ae/rev_f432da6-ae796ae.revisions;0
/home/paper219/Desktop/analysis/fullsample//projects/eureka/revisions/rev_e78d15b_f9348af/rev_e78d15b-f9348af.revisions;0
/home/paper219/Desktop/analysis/fullsample//projects/eureka/revisions/rev_840a817_f8ab57b/rev_840a817-f8ab57b.revisions;0
/home/paper219/Desktop/analysis/fullsample//projects/eureka/revisions/rev_0dadaea_ddcda44/rev_0dadaea-ddcda44.revisions;0
/home/paper219/Desktop/analysis/fullsample//projects/eureka/revisions/rev_041ef70_ddcda44/rev_041ef70-ddcda44.revisions;0
/home/paper219/Desktop/analysis/fullsample//projects/eureka/revisions/rev_2f24398_c6b735e/rev_2f24398-c6b735e.revisions;0
/home/paper219/Desktop/analysis/fullsample//projects/eureka/revisions/rev_617e09e_c6b735e/rev_617e09e-c6b735e.revisions;0
/home/paper219/Desktop/analysis/fullsample//projects/eureka/revisions/rev_3de55de_e1ce3e1/rev_3de55de-e1ce3e1.revisions;0
/home/paper219/Desktop/analysis/fullsample//projects/eureka/revisions/rev_6feaa10_e1ce3e1/rev_6feaa10-e1ce3e1.revisions;0
/home/paper219/Desktop/analysis/fullsample//projects/eureka/revisions/rev_4122a39_6d2267d/rev_4122a39-6d2267d.revisions;0
/home/paper219/Desktop/analysis/fullsample//projects/eureka/revisions/rev_6d2267d_8cff28c/rev_6d2267d-8cff28c.revisions;0
/home/paper219/Desktop/analysis/fullsample//projects/eureka/revisions/rev_d4f1272_c6e8377/rev_d4f1272-c6e8377.revisions;0
/home/paper219/Desktop/analysis/fullsample//projects/eureka/revisions/rev_ab4d391_a0fe292/rev_ab4d391-a0fe292.revisions;0
/home/paper219/Desktop/analysis/fullsample//projects/eureka/revisions/rev_2cc8df5_b117472/rev_2cc8df5-b117472.revisions;0
/home/paper219/Desktop/analysis/fullsample//projects/eureka/revisions/rev_1c7967d_2a4fb9e/rev_1c7967d-2a4fb9e.revisions;0
/home/paper219/Desktop/analysis/fullsample//projects/eureka/revisions/rev_2a4fb9e_a903b40/rev_2a4fb9e-a903b40.revisions;0
/home/paper219/Desktop/analysis/fullsample//projects/eureka/revisions/rev_5df405a_5580a98/rev_5df405a-5580a98.revisions;0
/home/paper219/Desktop/analysis/fullsample//projects/eureka/revisions/rev_4d57a3a_5580a98/rev_4d57a3a-5580a98.revisions;0
/home/paper219/Desktop/analysis/fullsample//projects/eureka/revisions/rev_009c15b_3c20222/rev_009c15b-3c20222.revisions;0
/home/paper219/Desktop/analysis/fullsample//projects/eureka/revisions/rev_a76038d_8caf8ec/rev_a76038d-8caf8ec.revisions;0
/home/paper219/Desktop/analysis/fullsample//projects/eureka/revisions/rev_fcf330e_498c25f/rev_fcf330e-498c25f.revisions;0
/home/paper219/Desktop/analysis/fullsample//projects/eureka/revisions/rev_fdaf789_832eb53/rev_fdaf789-832eb53.revisions;0
/home/paper219/Desktop/analysis/fullsample//projects/eureka/revisions/rev_017751b_9de5614/rev_017751b-9de5614.revisions;0
/home/paper219/Desktop/analysis/fullsample//projects/eureka/revisions/rev_b3230b2_d0e42e3/rev_b3230b2-d0e42e3.revisions;0
/home/paper219/Desktop/analysis/fullsample//projects/eureka/revisions/rev_a4db0ed_28c6989/rev_a4db0ed-28c6989.revisions;0
/home/paper219/Desktop/analysis/fullsample//projects/eureka/revisions/rev_d7994a5_b0585da/rev_d7994a5-b0585da.revisions;0
/home/paper219/Desktop/analysis/fullsample//projects/eureka/revisions/rev_c1c585c_d3a87c9/rev_c1c585c-d3a87c9.revisions;0
/home/paper219/Desktop/analysis/fullsample//projects/eureka/revisions/rev_bd21a6f_b0585da/rev_bd21a6f-b0585da.revisions;0
/home/paper219/Desktop/analysis/fullsample//projects/eureka/revisions/rev_bd21a6f_202b1f9/rev_bd21a6f-202b1f9.revisions;0
/home/paper219/Desktop/analysis/fullsample//projects/eureka/revisions/rev_b3e950a_dc538f4/rev_b3e950a-dc538f4.revisions;0
/home/paper219/Desktop/analysis/fullsample//projects/eureka/revisions/rev_4727485_42d73d3/rev_4727485-42d73d3.revisions;0
/home/paper219/Desktop/analysis/fullsample//projects/eureka/revisions/rev_a84be6a_08e0412/rev_a84be6a-08e0412.revisions;128
/home/paper219/Desktop/analysis/fullsample//projects/eureka/revisions/rev_e0c7d10_75d7018/rev_e0c7d10-75d7018.revisions;0
/home/paper219/Desktop/analysis/fullsample//projects/eureka/revisions/rev_75d7018_77b6885/rev_75d7018-77b6885.revisions;0
/home/paper219/Desktop/analysis/fullsample//projects/eureka/revisions/rev_4897114_086a7b1/rev_4897114-086a7b1.revisions;0
/home/paper219/Desktop/analysis/fullsample//projects/eureka/revisions/rev_f423bd4_7133f68/rev_f423bd4-7133f68.revisions;0
/home/paper219/Desktop/analysis/fullsample//projects/eureka/revisions/rev_f423bd4_3a3edf6/rev_f423bd4-3a3edf6.revisions;0
/home/paper219/Desktop/analysis/fullsample//projects/eureka/revisions/rev_86ba824_494afb6/rev_86ba824-494afb6.revisions;0
/home/paper219/Desktop/analysis/fullsample//projects/eureka/revisions/rev_494afb6_ae6381b/rev_494afb6-ae6381b.revisions;0
/home/paper219/Desktop/analysis/fullsample//projects/eureka/revisions/rev_e0268d5_8b33945/rev_e0268d5-8b33945.revisions;0
/home/paper219/Desktop/analysis/fullsample//projects/eureka/revisions/rev_cbfa4b1_168e709/rev_cbfa4b1-168e709.revisions;0
/home/paper219/Desktop/analysis/fullsample//projects/eureka/revisions/rev_e2fd25f_dc834de/rev_e2fd25f-dc834de.revisions;0
/home/paper219/Desktop/analysis/fullsample//projects/eureka/revisions/rev_3098c99_74b22a5/rev_3098c99-74b22a5.revisions;0
/home/paper219/Desktop/analysis/fullsample//projects/eureka/revisions/rev_e47d3b2_51cf9fe/rev_e47d3b2-51cf9fe.revisions;0
/home/paper219/Desktop/analysis/fullsample//projects/eureka/revisions/rev_dbfe87a_f34197b/rev_dbfe87a-f34197b.revisions;0
/home/paper219/Desktop/analysis/fullsample//projects/eureka/revisions/rev_d925581_9424817/rev_d925581-9424817.revisions;0
/home/paper219/Desktop/analysis/fullsample//projects/eureka/revisions/rev_a3aa590_586a119/rev_a3aa590-586a119.revisions;0
/home/paper219/Desktop/analysis/fullsample//projects/eureka/revisions/rev_b5100ed_ecda6c0/rev_b5100ed-ecda6c0.revisions;0
/home/paper219/Desktop/analysis/fullsample//projects/eureka/revisions/rev_6993149_4fbd676/rev_6993149-4fbd676.revisions;0
/home/paper219/Desktop/analysis/fullsample//projects/eureka/revisions/rev_2f0cb0e_6db9ea3/rev_2f0cb0e-6db9ea3.revisions;0
/home/paper219/Desktop/analysis/fullsample//projects/eureka/revisions/rev_b16ebbd_e72bfc7/rev_b16ebbd-e72bfc7.revisions;0
/home/paper219/Desktop/analysis/fullsample//projects/eureka/revisions/rev_083394f_bf9f1a3/rev_083394f-bf9f1a3.revisions;0
/home/paper219/Desktop/analysis/fullsample//projects/eureka/revisions/rev_083394f_a5591fd/rev_083394f-a5591fd.revisions;0
/home/paper219/Desktop/analysis/fullsample//projects/eureka/revisions/rev_5343529_0ee32dc/rev_5343529-0ee32dc.revisions;0
/home/paper219/Desktop/analysis/fullsample//projects/eureka/revisions/rev_858476c_f6fc9ed/rev_858476c-f6fc9ed.revisions;0
/home/paper219/Desktop/analysis/fullsample//projects/eureka/revisions/rev_a956595_5c985da/rev_a956595-5c985da.revisions;0
/home/paper219/Desktop/analysis/fullsample//projects/eureka/revisions/rev_95b5aea_418c9dd/rev_95b5aea-418c9dd.revisions;0
/home/paper219/Desktop/analysis/fullsample//projects/eureka/revisions/rev_e2acbd1_1becd63/rev_e2acbd1-1becd63.revisions;0
/home/paper219/Desktop/analysis/fullsample//projects/eureka/revisions/rev_8ea38b7_37d2a3d/rev_8ea38b7-37d2a3d.revisions;0
/home/paper219/Desktop/analysis/fullsample//projects/eureka/revisions/rev_3143c4f_5d9fbd7/rev_3143c4f-5d9fbd7.revisions;0
/home/paper219/Desktop/analysis/fullsample//projects/eureka/revisions/rev_b8bb128_587739b/rev_b8bb128-587739b.revisions;0
/home/paper219/Desktop/analysis/fullsample//projects/eureka/revisions/rev_62e9bd9_22bc1ad/rev_62e9bd9-22bc1ad.revisions;0
/home/paper219/Desktop/analysis/fullsample//projects/eureka/revisions/rev_4fd9f12_b89274e/rev_4fd9f12-b89274e.revisions;0
/home/paper219/Desktop/analysis/fullsample//projects/eureka/revisions/rev_a6cd4f6_3b34685/rev_a6cd4f6-3b34685.revisions;0
/home/paper219/Desktop/analysis/fullsample//projects/eureka/revisions/rev_c3164d4_8c5d7c8/rev_c3164d4-8c5d7c8.revisions;0
/home/paper219/Desktop/analysis/fullsample//projects/eureka/revisions/rev_8c5d7c8_142ae10/rev_8c5d7c8-142ae10.revisions;0
/home/paper219/Desktop/analysis/fullsample//projects/eureka/revisions/rev_ac5975c_f7ec3db/rev_ac5975c-f7ec3db.revisions;0
/home/paper219/Desktop/analysis/fullsample//projects/eureka/revisions/rev_f816edd_8d68963/rev_f816edd-8d68963.revisions;0
/home/paper219/Desktop/analysis/fullsample//projects/eureka/revisions/rev_1ece326_3d2a2e5/rev_1ece326-3d2a2e5.revisions;0
/home/paper219/Desktop/analysis/fullsample//projects/eureka/revisions/rev_4ca5d76_e39469f/rev_4ca5d76-e39469f.revisions;0
/home/paper219/Desktop/analysis/fullsample//projects/eureka/revisions/rev_c326078_811259a/rev_c326078-811259a.revisions;0
/home/paper219/Desktop/analysis/fullsample//projects/eureka/revisions/rev_49ccbb5_da16a65/rev_49ccbb5-da16a65.revisions;0
/home/paper219/Desktop/analysis/fullsample//projects/eureka/revisions/rev_0801f7b_fe43088/rev_0801f7b-fe43088.revisions;0
/home/paper219/Desktop/analysis/fullsample//projects/eureka/revisions/rev_fe43088_5ba6438/rev_fe43088-5ba6438.revisions;0
/home/paper219/Desktop/analysis/fullsample//projects/eureka/revisions/rev_b7e1825_f0dec22/rev_b7e1825-f0dec22.revisions;2
/home/paper219/Desktop/analysis/fullsample//projects/eureka/revisions/rev_f0dec22_20d302f/rev_f0dec22-20d302f.revisions;0
/home/paper219/Desktop/analysis/fullsample//projects/eureka/revisions/rev_143a459_4fc5362/rev_143a459-4fc5362.revisions;0
/home/paper219/Desktop/analysis/fullsample//projects/eureka/revisions/rev_bcc3437_e1ff7b0/rev_bcc3437-e1ff7b0.revisions;0
/home/paper219/Desktop/analysis/fullsample//projects/eureka/revisions/rev_c38e613_6a2d209/rev_c38e613-6a2d209.revisions;0
/home/paper219/Desktop/analysis/fullsample//projects/eureka/revisions/rev_fa43533_eca16d6/rev_fa43533-eca16d6.revisions;0
/home/paper219/Desktop/analysis/fullsample//projects/eureka/revisions/rev_e54e34f_d4f1de3/rev_e54e34f-d4f1de3.revisions;0
/home/paper219/Desktop/analysis/fullsample//projects/eureka/revisions/rev_869b524_52a8980/rev_869b524-52a8980.revisions;0
/home/paper219/Desktop/analysis/fullsample//projects/eureka/revisions/rev_65bd63a_b24cf11/rev_65bd63a-b24cf11.revisions;0
/home/paper219/Desktop/analysis/fullsample//projects/eureka/revisions/rev_47472eb_efa8181/rev_47472eb-efa8181.revisions;0
/home/paper219/Desktop/analysis/fullsample//projects/eureka/revisions/rev_a7b7a48_f184cf4/rev_a7b7a48-f184cf4.revisions;0
/home/paper219/Desktop/analysis/fullsample//projects/eureka/revisions/rev_e9fbf76_89dff7c/rev_e9fbf76-89dff7c.revisions;0
/home/paper219/Desktop/analysis/fullsample//projects/eureka/revisions/rev_b0e7073_913b117/rev_b0e7073-913b117.revisions;0
/home/paper219/Desktop/analysis/fullsample//projects/eureka/revisions/rev_913b117_11011b4/rev_913b117-11011b4.revisions;0
/home/paper219/Desktop/analysis/fullsample//projects/eureka/revisions/rev_fe05252_9d0804d/rev_fe05252-9d0804d.revisions;0
/home/paper219/Desktop/analysis/fullsample//projects/eureka/revisions/rev_f4b9585_8d49020/rev_f4b9585-8d49020.revisions;0
/home/paper219/Desktop/analysis/fullsample//projects/eureka/revisions/rev_7140256_171eb55/rev_7140256-171eb55.revisions;0
/home/paper219/Desktop/analysis/fullsample//projects/eureka/revisions/rev_70c7c48_a8acb94/rev_70c7c48-a8acb94.revisions;0
/home/paper219/Desktop/analysis/fullsample//projects/eureka/revisions/rev_c3f2c7b_0542afb/rev_c3f2c7b-0542afb.revisions;0
/home/paper219/Desktop/analysis/fullsample//projects/eureka/revisions/rev_927c501_cf5a756/rev_927c501-cf5a756.revisions;0
/home/paper219/Desktop/analysis/fullsample//projects/eureka/revisions/rev_aeb7500_48b1b5d/rev_aeb7500-48b1b5d.revisions;0
/home/paper219/Desktop/analysis/fullsample//projects/eureka/revisions/rev_dce801b_297643c/rev_dce801b-297643c.revisions;0
/home/paper219/Desktop/analysis/fullsample//projects/eureka/revisions/rev_a1efd72_1adea02/rev_a1efd72-1adea02.revisions;0
/home/paper219/Desktop/analysis/fullsample//projects/eureka/revisions/rev_17742f3_e8b4057/rev_17742f3-e8b4057.revisions;0
/home/paper219/Desktop/analysis/fullsample//projects/eureka/revisions/rev_7f681ef_26d9465/rev_7f681ef-26d9465.revisions;0
/home/paper219/Desktop/analysis/fullsample//projects/eureka/revisions/rev_526d3b1_6333a71/rev_526d3b1-6333a71.revisions;4
/home/paper219/Desktop/analysis/fullsample//projects/eureka/revisions/rev_0f4960d_01e1ae2/rev_0f4960d-01e1ae2.revisions;0
/home/paper219/Desktop/analysis/fullsample//projects/eureka/revisions/rev_3ec4800_f58a8cf/rev_3ec4800-f58a8cf.revisions;0
/home/paper219/Desktop/analysis/fullsample//projects/eureka/revisions/rev_c1bd192_f497ad4/rev_c1bd192-f497ad4.revisions;0
/home/paper219/Desktop/analysis/fullsample//projects/eureka/revisions/rev_4c7763f_5d91ba2/rev_4c7763f-5d91ba2.revisions;0
/home/paper219/Desktop/analysis/fullsample//projects/eureka/revisions/rev_c5eb94b_7152ff0/rev_c5eb94b-7152ff0.revisions;0
/home/paper219/Desktop/analysis/fullsample//projects/eureka/revisions/rev_4847948_c683ff9/rev_4847948-c683ff9.revisions;0
/home/paper219/Desktop/analysis/fullsample//projects/eureka/revisions/rev_dfc92ab_dd6a885/rev_dfc92ab-dd6a885.revisions;0
/home/paper219/Desktop/analysis/fullsample//projects/eureka/revisions/rev_95ab3e9_466d892/rev_95ab3e9-466d892.revisions;0
/home/paper219/Desktop/analysis/fullsample//projects/eureka/revisions/rev_d852213_295f257/rev_d852213-295f257.revisions;0
/home/paper219/Desktop/analysis/fullsample//projects/eureka/revisions/rev_619e57d_e38a56a/rev_619e57d-e38a56a.revisions;0
/home/paper219/Desktop/analysis/fullsample//projects/eureka/revisions/rev_27af44d_bd86f52/rev_27af44d-bd86f52.revisions;0
/home/paper219/Desktop/analysis/fullsample//projects/eureka/revisions/rev_dc63d51_032c5ee/rev_dc63d51-032c5ee.revisions;0
/home/paper219/Desktop/analysis/fullsample//projects/eureka/revisions/rev_8300dfb_01624e3/rev_8300dfb-01624e3.revisions;0
/home/paper219/Desktop/analysis/fullsample//projects/eureka/revisions/rev_5515bf0_a3d5135/rev_5515bf0-a3d5135.revisions;0
/home/paper219/Desktop/analysis/fullsample//projects/eureka/revisions/rev_3e04199_301e491/rev_3e04199-301e491.revisions;0
/home/paper219/Desktop/analysis/fullsample//projects/eureka/revisions/rev_b27b4ea_87114fc/rev_b27b4ea-87114fc.revisions;0
/home/paper219/Desktop/analysis/fullsample//projects/eureka/revisions/rev_b849b74_dee6c75/rev_b849b74-dee6c75.revisions;0
/home/paper219/Desktop/analysis/fullsample//projects/eureka/revisions/rev_ffdb337_abc73ca/rev_ffdb337-abc73ca.revisions;0
/home/paper219/Desktop/analysis/fullsample//projects/eureka/revisions/rev_f988aeb_ec9c19c/rev_f988aeb-ec9c19c.revisions;0
/home/paper219/Desktop/analysis/fullsample//projects/eureka/revisions/rev_e9c7003_d69ff46/rev_e9c7003-d69ff46.revisions;0
/home/paper219/Desktop/analysis/fullsample//projects/eureka/revisions/rev_792c87a_195b80e/rev_792c87a-195b80e.revisions;0
/home/paper219/Desktop/analysis/fullsample//projects/eureka/revisions/rev_32f28f5_4ecb8bc/rev_32f28f5-4ecb8bc.revisions;0
/home/paper219/Desktop/analysis/fullsample//projects/eureka/revisions/rev_3c5424d_6046b12/rev_3c5424d-6046b12.revisions;0
/home/paper219/Desktop/analysis/fullsample//projects/eureka/revisions/rev_28562af_9f0308b/rev_28562af-9f0308b.revisions;0
/home/paper219/Desktop/analysis/fullsample//projects/eureka/revisions/rev_65e0ef9_c22b69a/rev_65e0ef9-c22b69a.revisions;0
/home/paper219/Desktop/analysis/fullsample//projects/eureka/revisions/rev_a221472_3fcfd72/rev_a221472-3fcfd72.revisions;0
/home/paper219/Desktop/analysis/fullsample//projects/eureka/revisions/rev_91b1bc8_a5fea6f/rev_91b1bc8-a5fea6f.revisions;0
/home/paper219/Desktop/analysis/fullsample//projects/eureka/revisions/rev_2d7640b_e139517/rev_2d7640b-e139517.revisions;0
/home/paper219/Desktop/analysis/fullsample//projects/eureka/revisions/rev_d85ae11_3c21c24/rev_d85ae11-3c21c24.revisions;0
/home/paper219/Desktop/analysis/fullsample//projects/eureka/revisions/rev_564009b_1691f26/rev_564009b-1691f26.revisions;0
/home/paper219/Desktop/analysis/fullsample//projects/eureka/revisions/rev_671263c_dd09a96/rev_671263c-dd09a96.revisions;0
/home/paper219/Desktop/analysis/fullsample//projects/eureka/revisions/rev_a70a060_e4cdf8a/rev_a70a060-e4cdf8a.revisions;0
/home/paper219/Desktop/analysis/fullsample//projects/eureka/revisions/rev_b151ae6_df4d52c/rev_b151ae6-df4d52c.revisions;0
/home/paper219/Desktop/analysis/fullsample//projects/eureka/revisions/rev_2f95edb_f8e29ee/rev_2f95edb-f8e29ee.revisions;0
/home/paper219/Desktop/analysis/fullsample//projects/eureka/revisions/rev_05d71b4_8b1f1ae/rev_05d71b4-8b1f1ae.revisions;0
/home/paper219/Desktop/analysis/fullsample//projects/eureka/revisions/rev_3f9bcc9_6b9f91f/rev_3f9bcc9-6b9f91f.revisions;0
/home/paper219/Desktop/analysis/fullsample//projects/eureka/revisions/rev_0d44b9c_c23b179/rev_0d44b9c-c23b179.revisions;0
/home/paper219/Desktop/analysis/fullsample//projects/eureka/revisions/rev_ad48663_503176c/rev_ad48663-503176c.revisions;0
/home/paper219/Desktop/analysis/fullsample//projects/eureka/revisions/rev_1c0a2c7_e597d9e/rev_1c0a2c7-e597d9e.revisions;0
/home/paper219/Desktop/analysis/fullsample//projects/eureka/revisions/rev_4d931ed_14fa25d/rev_4d931ed-14fa25d.revisions;0
/home/paper219/Desktop/analysis/fullsample//projects/eureka/revisions/rev_f125ca1_21f44a7/rev_f125ca1-21f44a7.revisions;0
/home/paper219/Desktop/analysis/fullsample//projects/eureka/revisions/rev_660f9fd_d5b3d13/rev_660f9fd-d5b3d13.revisions;0
/home/paper219/Desktop/analysis/fullsample//projects/eureka/revisions/rev_78faef7_282956f/rev_78faef7-282956f.revisions;0
/home/paper219/Desktop/analysis/fullsample//projects/eureka/revisions/rev_282956f_7ae6234/rev_282956f-7ae6234.revisions;0
/home/paper219/Desktop/analysis/fullsample//projects/eureka/revisions/rev_251bac0_120c951/rev_251bac0-120c951.revisions;0
/home/paper219/Desktop/analysis/fullsample//projects/eureka/revisions/rev_609b90c_a6c1a7b/rev_609b90c-a6c1a7b.revisions;0
/home/paper219/Desktop/analysis/fullsample//projects/eureka/revisions/rev_3736f8f_326f5c9/rev_3736f8f-326f5c9.revisions;0
/home/paper219/Desktop/analysis/fullsample//projects/eureka/revisions/rev_a7ca132_a0b8396/rev_a7ca132-a0b8396.revisions;0
/home/paper219/Desktop/analysis/fullsample//projects/eureka/revisions/rev_2f656f8_b6335e6/rev_2f656f8-b6335e6.revisions;0
/home/paper219/Desktop/analysis/fullsample//projects/eureka/revisions/rev_5ab86b9_fbfc138/rev_5ab86b9-fbfc138.revisions;0
/home/paper219/Desktop/analysis/fullsample//projects/eureka/revisions/rev_dbf5039_80a6460/rev_dbf5039-80a6460.revisions;0
/home/paper219/Desktop/analysis/fullsample//projects/eureka/revisions/rev_e394889_c4dd430/rev_e394889-c4dd430.revisions;0
/home/paper219/Desktop/analysis/fullsample//projects/eureka/revisions/rev_22fdfb2_efc6dbb/rev_22fdfb2-efc6dbb.revisions;0
/home/paper219/Desktop/analysis/fullsample//projects/eureka/revisions/rev_e5198d0_66449d6/rev_e5198d0-66449d6.revisions;0
/home/paper219/Desktop/analysis/fullsample//projects/eureka/revisions/rev_66449d6_4ebc94a/rev_66449d6-4ebc94a.revisions;0
/home/paper219/Desktop/analysis/fullsample//projects/eureka/revisions/rev_9ea97b5_5e29810/rev_9ea97b5-5e29810.revisions;0
/home/paper219/Desktop/analysis/fullsample//projects/eureka/revisions/rev_5e29810_0a97f83/rev_5e29810-0a97f83.revisions;0
/home/paper219/Desktop/analysis/fullsample//projects/eureka/revisions/rev_cd42b32_900278f/rev_cd42b32-900278f.revisions;0
/home/paper219/Desktop/analysis/fullsample//projects/eureka/revisions/rev_651d25e_d588d01/rev_651d25e-d588d01.revisions;0
/home/paper219/Desktop/analysis/fullsample//projects/eureka/revisions/rev_d588d01_3d4d264/rev_d588d01-3d4d264.revisions;0
/home/paper219/Desktop/analysis/fullsample//projects/eureka/revisions/rev_74738d0_d34507d/rev_74738d0-d34507d.revisions;0
/home/paper219/Desktop/analysis/fullsample//projects/eureka/revisions/rev_d34507d_d6ade39/rev_d34507d-d6ade39.revisions;0
/home/paper219/Desktop/analysis/fullsample//projects/eureka/revisions/rev_e71c2b1_0068c1a/rev_e71c2b1-0068c1a.revisions;0
/home/paper219/Desktop/analysis/fullsample//projects/eureka/revisions/rev_46e96b2_60612be/rev_46e96b2-60612be.revisions;0
/home/paper219/Desktop/analysis/fullsample//projects/eureka/revisions/rev_be7030c_3835feb/rev_be7030c-3835feb.revisions;0
/home/paper219/Desktop/analysis/fullsample//projects/eureka/revisions/rev_20a425e_0591c98/rev_20a425e-0591c98.revisions;0
/home/paper219/Desktop/analysis/fullsample//projects/eureka/revisions/rev_7afa7b0_9711533/rev_7afa7b0-9711533.revisions;0
/home/paper219/Desktop/analysis/fullsample//projects/eureka/revisions/rev_9711533_f242b01/rev_9711533-f242b01.revisions;0
/home/paper219/Desktop/analysis/fullsample//projects/eureka/revisions/rev_b276656_00a016c/rev_b276656-00a016c.revisions;0
/home/paper219/Desktop/analysis/fullsample//projects/eureka/revisions/rev_00a016c_13ccc1c/rev_00a016c-13ccc1c.revisions;0
/home/paper219/Desktop/analysis/fullsample//projects/eureka/revisions/rev_7ac504a_578f4c0/rev_7ac504a-578f4c0.revisions;0
/home/paper219/Desktop/analysis/fullsample//projects/eureka/revisions/rev_578f4c0_0a53972/rev_578f4c0-0a53972.revisions;0
/home/paper219/Desktop/analysis/fullsample//projects/eureka/revisions/rev_df71304_6b09030/rev_df71304-6b09030.revisions;0
/home/paper219/Desktop/analysis/fullsample//projects/eureka/revisions/rev_6b09030_f9d5bfd/rev_6b09030-f9d5bfd.revisions;0
/home/paper219/Desktop/analysis/fullsample//projects/eureka/revisions/rev_88b101b_0854300/rev_88b101b-0854300.revisions;0
/home/paper219/Desktop/analysis/fullsample//projects/eureka/revisions/rev_0854300_fe695a5/rev_0854300-fe695a5.revisions;0
/home/paper219/Desktop/analysis/fullsample//projects/eureka/revisions/rev_81aaebd_756bcd9/rev_81aaebd-756bcd9.revisions;0
/home/paper219/Desktop/analysis/fullsample//projects/eureka/revisions/rev_756bcd9_d9363b4/rev_756bcd9-d9363b4.revisions;0
/home/paper219/Desktop/analysis/fullsample//projects/eureka/revisions/rev_50dd306_ab7aad1/rev_50dd306-ab7aad1.revisions;0
/home/paper219/Desktop/analysis/fullsample//projects/eureka/revisions/rev_3f69679_7b8a8f1/rev_3f69679-7b8a8f1.revisions;0
/home/paper219/Desktop/analysis/fullsample//projects/eureka/revisions/rev_949dfa1_169df6c/rev_949dfa1-169df6c.revisions;0
/home/paper219/Desktop/analysis/fullsample//projects/eureka/revisions/rev_491cca0_3f69679/rev_491cca0-3f69679.revisions;0
/home/paper219/Desktop/analysis/fullsample//projects/eureka/revisions/rev_575c896_6333151/rev_575c896-6333151.revisions;0
/home/paper219/Desktop/analysis/fullsample//projects/eureka/revisions/rev_6333151_b33a368/rev_6333151-b33a368.revisions;0
/home/paper219/Desktop/analysis/fullsample//projects/eureka/revisions/rev_011c5f9_539ea4b/rev_011c5f9-539ea4b.revisions;0
/home/paper219/Desktop/analysis/fullsample//projects/eureka/revisions/rev_6ad0339_bac3649/rev_6ad0339-bac3649.revisions;0
/home/paper219/Desktop/analysis/fullsample//projects/eureka/revisions/rev_bac3649_9b9586c/rev_bac3649-9b9586c.revisions;0
/home/paper219/Desktop/analysis/fullsample//projects/eureka/revisions/rev_7c9f6ea_0d7c1b1/rev_7c9f6ea-0d7c1b1.revisions;0
/home/paper219/Desktop/analysis/fullsample//projects/eureka/revisions/rev_0d7c1b1_4999beb/rev_0d7c1b1-4999beb.revisions;0
/home/paper219/Desktop/analysis/fullsample//projects/eureka/revisions/rev_8b261b8_329d104/rev_8b261b8-329d104.revisions;0
/home/paper219/Desktop/analysis/fullsample//projects/eureka/revisions/rev_329d104_a1c264d/rev_329d104-a1c264d.revisions;0
/home/paper219/Desktop/analysis/fullsample//projects/eureka/revisions/rev_4048871_8d79251/rev_4048871-8d79251.revisions;0
/home/paper219/Desktop/analysis/fullsample//projects/eureka/revisions/rev_09f18d1_bdbd498/rev_09f18d1-bdbd498.revisions;0
/home/paper219/Desktop/analysis/fullsample//projects/eureka/revisions/rev_09f18d1_1db25bd/rev_09f18d1-1db25bd.revisions;0
/home/paper219/Desktop/analysis/fullsample//projects/eureka/revisions/rev_291b4d2_7983541/rev_291b4d2-7983541.revisions;0
/home/paper219/Desktop/analysis/fullsample//projects/eureka/revisions/rev_bdbd498_81ae05c/rev_bdbd498-81ae05c.revisions;0
/home/paper219/Desktop/analysis/fullsample//projects/eureka/revisions/rev_e10cedc_037415c/rev_e10cedc-037415c.revisions;0
/home/paper219/Desktop/analysis/fullsample//projects/eureka/revisions/rev_7c53612_ff6f011/rev_7c53612-ff6f011.revisions;0
/home/paper219/Desktop/analysis/fullsample//projects/eureka/revisions/rev_ff6f011_05d7ba5/rev_ff6f011-05d7ba5.revisions;0
/home/paper219/Desktop/analysis/fullsample//projects/eureka/revisions/rev_16cfc1b_83946b8/rev_16cfc1b-83946b8.revisions;0
/home/paper219/Desktop/analysis/fullsample//projects/eureka/revisions/rev_459a006_22f4066/rev_459a006-22f4066.revisions;0
/home/paper219/Desktop/analysis/fullsample//projects/eureka/revisions/rev_9b180dc_1c2989d/rev_9b180dc-1c2989d.revisions;3
/home/paper219/Desktop/analysis/fullsample//projects/eureka/revisions/rev_9b180dc_4e1dd90/rev_9b180dc-4e1dd90.revisions;0
/home/paper219/Desktop/analysis/fullsample//projects/eureka/revisions/rev_477401c_853f5dd/rev_477401c-853f5dd.revisions;0
/home/paper219/Desktop/analysis/fullsample//projects/eureka/revisions/rev_853f5dd_c17ee41/rev_853f5dd-c17ee41.revisions;0
/home/paper219/Desktop/analysis/fullsample//projects/eureka/revisions/rev_7f40bcb_3af876b/rev_7f40bcb-3af876b.revisions;0
/home/paper219/Desktop/analysis/fullsample//projects/eureka/revisions/rev_3af876b_09674e6/rev_3af876b-09674e6.revisions;0
/home/paper219/Desktop/analysis/fullsample//projects/eureka/revisions/rev_1c2989d_2ddcce4/rev_1c2989d-2ddcce4.revisions;0
/home/paper219/Desktop/analysis/fullsample//projects/eureka/revisions/rev_5421400_997679b/rev_5421400-997679b.revisions;0
/home/paper219/Desktop/analysis/fullsample//projects/eureka/revisions/rev_b694d77_fcffccb/rev_b694d77-fcffccb.revisions;0
/home/paper219/Desktop/analysis/fullsample//projects/eureka/revisions/rev_fcffccb_be498cc/rev_fcffccb-be498cc.revisions;0
/home/paper219/Desktop/analysis/fullsample//projects/eureka/revisions/rev_9415eda_5f1241c/rev_9415eda-5f1241c.revisions;0
/home/paper219/Desktop/analysis/fullsample//projects/eureka/revisions/rev_6e0b19f_9415eda/rev_6e0b19f-9415eda.revisions;0
/home/paper219/Desktop/analysis/fullsample//projects/eureka/revisions/rev_b27105b_914c2ec/rev_b27105b-914c2ec.revisions;0
/home/paper219/Desktop/analysis/fullsample//projects/eureka/revisions/rev_914c2ec_c2c52b0/rev_914c2ec-c2c52b0.revisions;0
/home/paper219/Desktop/analysis/fullsample//projects/eureka/revisions/rev_8f8bdba_f06c394/rev_8f8bdba-f06c394.revisions;0
/home/paper219/Desktop/analysis/fullsample//projects/eureka/revisions/rev_2e6665f_8040e92/rev_2e6665f-8040e92.revisions;0
/home/paper219/Desktop/analysis/fullsample//projects/eureka/revisions/rev_13249e0_bd4de3d/rev_13249e0-bd4de3d.revisions;0
/home/paper219/Desktop/analysis/fullsample//projects/eureka/revisions/rev_f62dab1_131b984/rev_f62dab1-131b984.revisions;0
/home/paper219/Desktop/analysis/fullsample//projects/eureka/revisions/rev_371de2b_39f5334/rev_371de2b-39f5334.revisions;0
/home/paper219/Desktop/analysis/fullsample//projects/eureka/revisions/rev_19cd51d_ce1077c/rev_19cd51d-ce1077c.revisions;0
/home/paper219/Desktop/analysis/fullsample//projects/eureka/revisions/rev_709dbcd_67568f7/rev_709dbcd-67568f7.revisions;0
/home/paper219/Desktop/analysis/fullsample//projects/eureka/revisions/rev_e41dfa9_9fe7120/rev_e41dfa9-9fe7120.revisions;0
/home/paper219/Desktop/analysis/fullsample//projects/eureka/revisions/rev_9fe7120_79e4dcd/rev_9fe7120-79e4dcd.revisions;0
/home/paper219/Desktop/analysis/fullsample//projects/eureka/revisions/rev_b7d96ae_e0857aa/rev_b7d96ae-e0857aa.revisions;0
/home/paper219/Desktop/analysis/fullsample//projects/eureka/revisions/rev_7bbde20_077b366/rev_7bbde20-077b366.revisions;0
/home/paper219/Desktop/analysis/fullsample//projects/eureka/revisions/rev_a6b86ea_e879aa1/rev_a6b86ea-e879aa1.revisions;0
/home/paper219/Desktop/analysis/fullsample//projects/eureka/revisions/rev_e879aa1_58a6d49/rev_e879aa1-58a6d49.revisions;0
/home/paper219/Desktop/analysis/fullsample//projects/eureka/revisions/rev_cd3d329_dc998b8/rev_cd3d329-dc998b8.revisions;0
/home/paper219/Desktop/analysis/fullsample//projects/eureka/revisions/rev_dc998b8_6686911/rev_dc998b8-6686911.revisions;0
/home/paper219/Desktop/analysis/fullsample//projects/eureka/revisions/rev_1673045_166dce8/rev_1673045-166dce8.revisions;0
/home/paper219/Desktop/analysis/fullsample//projects/eureka/revisions/rev_e02e1ed_90eea3b/rev_e02e1ed-90eea3b.revisions;0
/home/paper219/Desktop/analysis/fullsample//projects/eureka/revisions/rev_e02e1ed_29dae7e/rev_e02e1ed-29dae7e.revisions;0
/home/paper219/Desktop/analysis/fullsample//projects/eureka/revisions/rev_a995b04_c1c4cbe/rev_a995b04-c1c4cbe.revisions;1
/home/paper219/Desktop/analysis/fullsample//projects/eureka/revisions/rev_90eea3b_1837e04/rev_90eea3b-1837e04.revisions;0
/home/paper219/Desktop/analysis/fullsample//projects/eureka/revisions/rev_c1c4cbe_dd8d47d/rev_c1c4cbe-dd8d47d.revisions;429
/home/paper219/Desktop/analysis/fullsample//projects/eureka/revisions/rev_ac2215e_1837e04/rev_ac2215e-1837e04.revisions;0
/home/paper219/Desktop/analysis/fullsample//projects/eureka/revisions/rev_1837e04_eda5e17/rev_1837e04-eda5e17.revisions;0
/home/paper219/Desktop/analysis/fullsample//projects/eureka/revisions/rev_3311299_f73101b/rev_3311299-f73101b.revisions;0
/home/paper219/Desktop/analysis/fullsample//projects/eureka/revisions/rev_f73101b_b5c0840/rev_f73101b-b5c0840.revisions;0
/home/paper219/Desktop/analysis/fullsample//projects/eureka/revisions/rev_dba4005_264020a/rev_dba4005-264020a.revisions;0
/home/paper219/Desktop/analysis/fullsample//projects/eureka/revisions/rev_6a68c70_e494539/rev_6a68c70-e494539.revisions;0
/home/paper219/Desktop/analysis/fullsample//projects/eureka/revisions/rev_9390efa_7c47165/rev_9390efa-7c47165.revisions;0
/home/paper219/Desktop/analysis/fullsample//projects/eureka/revisions/rev_264020a_9134ae4/rev_264020a-9134ae4.revisions;0
/home/paper219/Desktop/analysis/fullsample//projects/eureka/revisions/rev_7c47165_264020a/rev_7c47165-264020a.revisions;0
/home/paper219/Desktop/analysis/fullsample//projects/eureka/revisions/rev_aa986ae_507bb14/rev_aa986ae-507bb14.revisions;0
/home/paper219/Desktop/analysis/fullsample//projects/eureka/revisions/rev_58af70f_b3a54be/rev_58af70f-b3a54be.revisions;0
/home/paper219/Desktop/analysis/fullsample//projects/eureka/revisions/rev_2529120_333a91e/rev_2529120-333a91e.revisions;4
/home/paper219/Desktop/analysis/fullsample//projects/eureka/revisions/rev_507bb14_4d70b37/rev_507bb14-4d70b37.revisions;0
/home/paper219/Desktop/analysis/fullsample//projects/eureka/revisions/rev_a07a839_de0c405/rev_a07a839-de0c405.revisions;0
/home/paper219/Desktop/analysis/fullsample//projects/eureka/revisions/rev_988a0d4_333a91e/rev_988a0d4-333a91e.revisions;0
/home/paper219/Desktop/analysis/fullsample//projects/eureka/revisions/rev_333a91e_b49487b/rev_333a91e-b49487b.revisions;0
/home/paper219/Desktop/analysis/fullsample//projects/eureka/revisions/rev_b49487b_7fadaa1/rev_b49487b-7fadaa1.revisions;0
/home/paper219/Desktop/analysis/fullsample//projects/eureka/revisions/rev_8f40dc4_201cfc6/rev_8f40dc4-201cfc6.revisions;0
/home/paper219/Desktop/analysis/fullsample//projects/eureka/revisions/rev_7fadaa1_6b18edc/rev_7fadaa1-6b18edc.revisions;0
/home/paper219/Desktop/analysis/fullsample//projects/eureka/revisions/rev_09d3f0b_299fd83/rev_09d3f0b-299fd83.revisions;0
/home/paper219/Desktop/analysis/fullsample//projects/eureka/revisions/rev_caf7661_c3aeed0/rev_caf7661-c3aeed0.revisions;0
/home/paper219/Desktop/analysis/fullsample//projects/eureka/revisions/rev_5cc8024_b8a4afd/rev_5cc8024-b8a4afd.revisions;0
/home/paper219/Desktop/analysis/fullsample//projects/eureka/revisions/rev_2b43744_86e4062/rev_2b43744-86e4062.revisions;0
/home/paper219/Desktop/analysis/fullsample//projects/eureka/revisions/rev_2b43744_d1593aa/rev_2b43744-d1593aa.revisions;0
/home/paper219/Desktop/analysis/fullsample//projects/eureka/revisions/rev_86e4062_225287e/rev_86e4062-225287e.revisions;0
/home/paper219/Desktop/analysis/fullsample//projects/eureka/revisions/rev_3f2dc8c_9ea6fba/rev_3f2dc8c-9ea6fba.revisions;0
/home/paper219/Desktop/analysis/fullsample//projects/eureka/revisions/rev_2993284_292e388/rev_2993284-292e388.revisions;0
/home/paper219/Desktop/analysis/fullsample//projects/eureka/revisions/rev_00037b6_67a0e65/rev_00037b6-67a0e65.revisions;0
/home/paper219/Desktop/analysis/fullsample//projects/eureka/revisions/rev_00290d8_1defa5e/rev_00290d8-1defa5e.revisions;0
/home/paper219/Desktop/analysis/fullsample//projects/eureka/revisions/rev_6d40a05_4e5d6d2/rev_6d40a05-4e5d6d2.revisions;0
/home/paper219/Desktop/analysis/fullsample//projects/eureka/revisions/rev_4e5d6d2_78879fe/rev_4e5d6d2-78879fe.revisions;0
/home/paper219/Desktop/analysis/fullsample//projects/eureka/revisions/rev_9af2f4b_412a7a8/rev_9af2f4b-412a7a8.revisions;0
/home/paper219/Desktop/analysis/fullsample//projects/eureka/revisions/rev_9ea6fba_d4a8b57/rev_9ea6fba-d4a8b57.revisions;0
/home/paper219/Desktop/analysis/fullsample//projects/eureka/revisions/rev_de24b93_06032c9/rev_de24b93-06032c9.revisions;0
/home/paper219/Desktop/analysis/fullsample//projects/eureka/revisions/rev_daa115b_9232cf2/rev_daa115b-9232cf2.revisions;0
/home/paper219/Desktop/analysis/fullsample//projects/eureka/revisions/rev_e0de475_8824874/rev_e0de475-8824874.revisions;0
/home/paper219/Desktop/analysis/fullsample//projects/eureka/revisions/rev_a54991b_a924021/rev_a54991b-a924021.revisions;0
/home/paper219/Desktop/analysis/fullsample//projects/eureka/revisions/rev_cea9ab6_684fb0a/rev_cea9ab6-684fb0a.revisions;0
/home/paper219/Desktop/analysis/fullsample//projects/eureka/revisions/rev_684fb0a_0a43b88/rev_684fb0a-0a43b88.revisions;0
/home/paper219/Desktop/analysis/fullsample//projects/eureka/revisions/rev_03f4cb8_c97dcdd/rev_03f4cb8-c97dcdd.revisions;0
/home/paper219/Desktop/analysis/fullsample//projects/eureka/revisions/rev_73b9844_c687b9a/rev_73b9844-c687b9a.revisions;0
/home/paper219/Desktop/analysis/fullsample//projects/eureka/revisions/rev_31f9b50_3aa8085/rev_31f9b50-3aa8085.revisions;0
/home/paper219/Desktop/analysis/fullsample//projects/eureka/revisions/rev_d4d13aa_da83372/rev_d4d13aa-da83372.revisions;0
/home/paper219/Desktop/analysis/fullsample//projects/eureka/revisions/rev_e1e3d3d_ce35f00/rev_e1e3d3d-ce35f00.revisions;0
/home/paper219/Desktop/analysis/fullsample//projects/eureka/revisions/rev_259ebbd_2a91a16/rev_259ebbd-2a91a16.revisions;0
/home/paper219/Desktop/analysis/fullsample//projects/eureka/revisions/rev_dd8ef4b_96ba8cd/rev_dd8ef4b-96ba8cd.revisions;0
/home/paper219/Desktop/analysis/fullsample//projects/eureka/revisions/rev_b6b93f6_78677c4/rev_b6b93f6-78677c4.revisions;0
/home/paper219/Desktop/analysis/fullsample//projects/eureka/revisions/rev_e18b27c_adbd377/rev_e18b27c-adbd377.revisions;0
/home/paper219/Desktop/analysis/fullsample//projects/eureka/revisions/rev_7d44ab3_5817015/rev_7d44ab3-5817015.revisions;0
/home/paper219/Desktop/analysis/fullsample//projects/eureka/revisions/rev_d4d29eb_f34e021/rev_d4d29eb-f34e021.revisions;0
/home/paper219/Desktop/analysis/fullsample//projects/eureka/revisions/rev_e0c9072_a71859f/rev_e0c9072-a71859f.revisions;0
/home/paper219/Desktop/analysis/fullsample//projects/eureka/revisions/rev_a71859f_6715866/rev_a71859f-6715866.revisions;0
/home/paper219/Desktop/analysis/fullsample//projects/eureka/revisions/rev_49c72d4_90404f6/rev_49c72d4-90404f6.revisions;0
/home/paper219/Desktop/analysis/fullsample//projects/eureka/revisions/rev_babbed0_7aea64e/rev_babbed0-7aea64e.revisions;0
/home/paper219/Desktop/analysis/fullsample//projects/eureka/revisions/rev_829bf71_805a350/rev_829bf71-805a350.revisions;0
/home/paper219/Desktop/analysis/fullsample//projects/eureka/revisions/rev_e012878_74834b1/rev_e012878-74834b1.revisions;0
/home/paper219/Desktop/analysis/fullsample//projects/eureka/revisions/rev_d5c2da0_e40bd9c/rev_d5c2da0-e40bd9c.revisions;0
/home/paper219/Desktop/analysis/fullsample//projects/eureka/revisions/rev_fdc0a97_b4ba5a2/rev_fdc0a97-b4ba5a2.revisions;0
/home/paper219/Desktop/analysis/fullsample//projects/eureka/revisions/rev_b4ba5a2_675e084/rev_b4ba5a2-675e084.revisions;0
/home/paper219/Desktop/analysis/fullsample//projects/eureka/revisions/rev_9d3b315_bc97ff2/rev_9d3b315-bc97ff2.revisions;0
/home/paper219/Desktop/analysis/fullsample//projects/eureka/revisions/rev_ca35f28_3f234dd/rev_ca35f28-3f234dd.revisions;0
/home/paper219/Desktop/analysis/fullsample//projects/eureka/revisions/rev_21187d6_e0aa5f6/rev_21187d6-e0aa5f6.revisions;0
/home/paper219/Desktop/analysis/fullsample//projects/eureka/revisions/rev_c2db821_a4ac495/rev_c2db821-a4ac495.revisions;0
/home/paper219/Desktop/analysis/fullsample//projects/eureka/revisions/rev_7791c16_a7636c3/rev_7791c16-a7636c3.revisions;0
/home/paper219/Desktop/analysis/fullsample//projects/eureka/revisions/rev_ecda280_fa237dd/rev_ecda280-fa237dd.revisions;0
/home/paper219/Desktop/analysis/fullsample//projects/eureka/revisions/rev_0db6d8e_01bd2a2/rev_0db6d8e-01bd2a2.revisions;0
/home/paper219/Desktop/analysis/fullsample//projects/eureka/revisions/rev_21e3439_605ea9a/rev_21e3439-605ea9a.revisions;0
/home/paper219/Desktop/analysis/fullsample//projects/eureka/revisions/rev_b837ce3_0106164/rev_b837ce3-0106164.revisions;0
/home/paper219/Desktop/analysis/fullsample//projects/eureka/revisions/rev_6d6f960_dfa3b27/rev_6d6f960-dfa3b27.revisions;0
/home/paper219/Desktop/analysis/fullsample//projects/eureka/revisions/rev_6fc1d47_a9f39cc/rev_6fc1d47-a9f39cc.revisions;0
/home/paper219/Desktop/analysis/fullsample//projects/eureka/revisions/rev_8019af3_9955792/rev_8019af3-9955792.revisions;0
/home/paper219/Desktop/analysis/fullsample//projects/eureka/revisions/rev_51a90f7_e49d923/rev_51a90f7-e49d923.revisions;0
/home/paper219/Desktop/analysis/fullsample//projects/eureka/revisions/rev_e49d923_efacc02/rev_e49d923-efacc02.revisions;0
/home/paper219/Desktop/analysis/fullsample//projects/eureka/revisions/rev_53c225b_f8e1b19/rev_53c225b-f8e1b19.revisions;0
/home/paper219/Desktop/analysis/fullsample//projects/eureka/revisions/rev_4533935_4001494/rev_4533935-4001494.revisions;0
/home/paper219/Desktop/analysis/fullsample//projects/eureka/revisions/rev_b373dc5_f5627f4/rev_b373dc5-f5627f4.revisions;0
/home/paper219/Desktop/analysis/fullsample//projects/eureka/revisions/rev_46968f2_edc94a7/rev_46968f2-edc94a7.revisions;0
/home/paper219/Desktop/analysis/fullsample//projects/eureka/revisions/rev_4faa3d9_fde5e6b/rev_4faa3d9-fde5e6b.revisions;0
/home/paper219/Desktop/analysis/fullsample//projects/eureka/revisions/rev_e3d23bd_afc770e/rev_e3d23bd-afc770e.revisions;0
/home/paper219/Desktop/analysis/fullsample//projects/eureka/revisions/rev_f8dc873_497e743/rev_f8dc873-497e743.revisions;0
/home/paper219/Desktop/analysis/fullsample//projects/eureka/revisions/rev_6ab1eb5_6c15520/rev_6ab1eb5-6c15520.revisions;0
/home/paper219/Desktop/analysis/fullsample//projects/eureka/revisions/rev_efeba34_ca9883e/rev_efeba34-ca9883e.revisions;0
/home/paper219/Desktop/analysis/fullsample//projects/eureka/revisions/rev_da2f9e5_8dae4fe/rev_da2f9e5-8dae4fe.revisions;0
/home/paper219/Desktop/analysis/fullsample//projects/eureka/revisions/rev_3a05eb3_666cd3c/rev_3a05eb3-666cd3c.revisions;0
/home/paper219/Desktop/analysis/fullsample//projects/eureka/revisions/rev_b2a36c8_f90b54f/rev_b2a36c8-f90b54f.revisions;0
/home/paper219/Desktop/analysis/fullsample//projects/eureka/revisions/rev_bee851e_93b0b97/rev_bee851e-93b0b97.revisions;0
/home/paper219/Desktop/analysis/fullsample//projects/eureka/revisions/rev_80eb710_abad048/rev_80eb710-abad048.revisions;0
/home/paper219/Desktop/analysis/fullsample//projects/eureka/revisions/rev_4106041_683379b/rev_4106041-683379b.revisions;0
/home/paper219/Desktop/analysis/fullsample//projects/eureka/revisions/rev_683379b_f769de3/rev_683379b-f769de3.revisions;0
/home/paper219/Desktop/analysis/fullsample//projects/eureka/revisions/rev_c10a35b_2c0f80f/rev_c10a35b-2c0f80f.revisions;0
/home/paper219/Desktop/analysis/fullsample//projects/eureka/revisions/rev_1e1e1c8_55014b1/rev_1e1e1c8-55014b1.revisions;0
/home/paper219/Desktop/analysis/fullsample//projects/eureka/revisions/rev_5659468_91c2056/rev_5659468-91c2056.revisions;0
/home/paper219/Desktop/analysis/fullsample//projects/eureka/revisions/rev_a93c9e2_78554dd/rev_a93c9e2-78554dd.revisions;0
/home/paper219/Desktop/analysis/fullsample//projects/eureka/revisions/rev_78554dd_868ae65/rev_78554dd-868ae65.revisions;0
/home/paper219/Desktop/analysis/fullsample//projects/eureka/revisions/rev_ef9d958_11199d6/rev_ef9d958-11199d6.revisions;0
/home/paper219/Desktop/analysis/fullsample//projects/eureka/revisions/rev_f6963ee_8132223/rev_f6963ee-8132223.revisions;0
/home/paper219/Desktop/analysis/fullsample//projects/eureka/revisions/rev_5944766_4dc2471/rev_5944766-4dc2471.revisions;0
/home/paper219/Desktop/analysis/fullsample//projects/eureka/revisions/rev_4dc2471_0f34fb0/rev_4dc2471-0f34fb0.revisions;0
/home/paper219/Desktop/analysis/fullsample//projects/eureka/revisions/rev_addf4b9_68dbf6f/rev_addf4b9-68dbf6f.revisions;0
/home/paper219/Desktop/analysis/fullsample//projects/eureka/revisions/rev_4d4a613_ab1db88/rev_4d4a613-ab1db88.revisions;0
/home/paper219/Desktop/analysis/fullsample//projects/eureka/revisions/rev_99f264e_676846b/rev_99f264e-676846b.revisions;0
/home/paper219/Desktop/analysis/fullsample//projects/eureka/revisions/rev_254eb50_dbd1052/rev_254eb50-dbd1052.revisions;0
/home/paper219/Desktop/analysis/fullsample//projects/eureka/revisions/rev_8496a36_2feef17/rev_8496a36-2feef17.revisions;0
/home/paper219/Desktop/analysis/fullsample//projects/eureka/revisions/rev_7cd3fec_48f29ac/rev_7cd3fec-48f29ac.revisions;0
/home/paper219/Desktop/analysis/fullsample//projects/eureka/revisions/rev_48f29ac_e1c5424/rev_48f29ac-e1c5424.revisions;0
/home/paper219/Desktop/analysis/fullsample//projects/eureka/revisions/rev_32eba96_bec77fd/rev_32eba96-bec77fd.revisions;0
/home/paper219/Desktop/analysis/fullsample//projects/eureka/revisions/rev_b065983_ed723e5/rev_b065983-ed723e5.revisions;0
/home/paper219/Desktop/analysis/fullsample//projects/eureka/revisions/rev_1aae7f0_c9aab66/rev_1aae7f0-c9aab66.revisions;0
/home/paper219/Desktop/analysis/fullsample//projects/eureka/revisions/rev_950b963_e43d311/rev_950b963-e43d311.revisions;0
/home/paper219/Desktop/analysis/fullsample//projects/eureka/revisions/rev_62bed88_25ce793/rev_62bed88-25ce793.revisions;0
/home/paper219/Desktop/analysis/fullsample//projects/eureka/revisions/rev_25ce793_1e05202/rev_25ce793-1e05202.revisions;0
/home/paper219/Desktop/analysis/fullsample//projects/eureka/revisions/rev_5cf3c37_802122f/rev_5cf3c37-802122f.revisions;0
/home/paper219/Desktop/analysis/fullsample//projects/eureka/revisions/rev_0f89d2a_f35b620/rev_0f89d2a-f35b620.revisions;0
/home/paper219/Desktop/analysis/fullsample//projects/eureka/revisions/rev_ba5741c_9d9c28b/rev_ba5741c-9d9c28b.revisions;0
/home/paper219/Desktop/analysis/fullsample//projects/eureka/revisions/rev_3331f41_e3c377b/rev_3331f41-e3c377b.revisions;0
/home/paper219/Desktop/analysis/fullsample//projects/eureka/revisions/rev_f35b620_0f89d2a/rev_f35b620-0f89d2a.revisions;0
/home/paper219/Desktop/analysis/fullsample//projects/eureka/revisions/rev_fb6eea6_828eea0/rev_fb6eea6-828eea0.revisions;0
/home/paper219/Desktop/analysis/fullsample//projects/eureka/revisions/rev_828eea0_e74be5f/rev_828eea0-e74be5f.revisions;0
/home/paper219/Desktop/analysis/fullsample//projects/eureka/revisions/rev_828eea0_7dbea2d/rev_828eea0-7dbea2d.revisions;0
/home/paper219/Desktop/analysis/fullsample//projects/eureka/revisions/rev_620a6c2_c3b3cd7/rev_620a6c2-c3b3cd7.revisions;0
/home/paper219/Desktop/analysis/fullsample//projects/eureka/revisions/rev_f2671f0_e7062d2/rev_f2671f0-e7062d2.revisions;0
/home/paper219/Desktop/analysis/fullsample//projects/eureka/revisions/rev_d02ed8f_c3b3cd7/rev_d02ed8f-c3b3cd7.revisions;0
/home/paper219/Desktop/analysis/fullsample//projects/eureka/revisions/rev_c3b3cd7_f40f54a/rev_c3b3cd7-f40f54a.revisions;0
/home/paper219/Desktop/analysis/fullsample//projects/eureka/revisions/rev_e321526_7f8da1f/rev_e321526-7f8da1f.revisions;0
/home/paper219/Desktop/analysis/fullsample//projects/eureka/revisions/rev_46cdca2_b631e6a/rev_46cdca2-b631e6a.revisions;0
/home/paper219/Desktop/analysis/fullsample//projects/eureka/revisions/rev_ae3b71d_6a55064/rev_ae3b71d-6a55064.revisions;0
/home/paper219/Desktop/analysis/fullsample//projects/eureka/revisions/rev_2e32968_bbd12c0/rev_2e32968-bbd12c0.revisions;0
/home/paper219/Desktop/analysis/fullsample//projects/eureka/revisions/rev_2198475_bb4966b/rev_2198475-bb4966b.revisions;0
/home/paper219/Desktop/analysis/fullsample//projects/eureka/revisions/rev_4467198_6cb5475/rev_4467198-6cb5475.revisions;0
/home/paper219/Desktop/analysis/fullsample//projects/eureka/revisions/rev_e7062d2_5e462f7/rev_e7062d2-5e462f7.revisions;0
/home/paper219/Desktop/analysis/fullsample//projects/eureka/revisions/rev_5e462f7_5bae6eb/rev_5e462f7-5bae6eb.revisions;0
/home/paper219/Desktop/analysis/fullsample//projects/eureka/revisions/rev_e8d458f_fed8381/rev_e8d458f-fed8381.revisions;0
/home/paper219/Desktop/analysis/fullsample//projects/eureka/revisions/rev_4f24d9d_e67332f/rev_4f24d9d-e67332f.revisions;0
/home/paper219/Desktop/analysis/fullsample//projects/eureka/revisions/rev_02fb263_cf61794/rev_02fb263-cf61794.revisions;0
/home/paper219/Desktop/analysis/fullsample//projects/eureka/revisions/rev_435f231_3f3fbb1/rev_435f231-3f3fbb1.revisions;0
/home/paper219/Desktop/analysis/fullsample//projects/eureka/revisions/rev_44c138e_49c99fb/rev_44c138e-49c99fb.revisions;0
/home/paper219/Desktop/analysis/fullsample//projects/eureka/revisions/rev_203fa01_9950fce/rev_203fa01-9950fce.revisions;0
/home/paper219/Desktop/analysis/fullsample//projects/eureka/revisions/rev_e41dac4_5454289/rev_e41dac4-5454289.revisions;0
/home/paper219/Desktop/analysis/fullsample//projects/eureka/revisions/rev_717643e_c7d4238/rev_717643e-c7d4238.revisions;0
/home/paper219/Desktop/analysis/fullsample//projects/eureka/revisions/rev_c7d4238_7cb2e47/rev_c7d4238-7cb2e47.revisions;0
/home/paper219/Desktop/analysis/fullsample//projects/eureka/revisions/rev_9909951_1f619be/rev_9909951-1f619be.revisions;0
/home/paper219/Desktop/analysis/fullsample//projects/eureka/revisions/rev_90e57c2_839dde5/rev_90e57c2-839dde5.revisions;0
/home/paper219/Desktop/analysis/fullsample//projects/eureka/revisions/rev_e4fb3f6_6b170fd/rev_e4fb3f6-6b170fd.revisions;0
/home/paper219/Desktop/analysis/fullsample//projects/eureka/revisions/rev_0ee61ab_3a744ee/rev_0ee61ab-3a744ee.revisions;0
/home/paper219/Desktop/analysis/fullsample//projects/eureka/revisions/rev_a7a8d27_43a914c/rev_a7a8d27-43a914c.revisions;0
/home/paper219/Desktop/analysis/fullsample//projects/eureka/revisions/rev_65d6359_80b5cb7/rev_65d6359-80b5cb7.revisions;0
/home/paper219/Desktop/analysis/fullsample//projects/eureka/revisions/rev_d71c9fa_8346232/rev_d71c9fa-8346232.revisions;0
/home/paper219/Desktop/analysis/fullsample//projects/eureka/revisions/rev_b07cf94_31fba95/rev_b07cf94-31fba95.revisions;0
/home/paper219/Desktop/analysis/fullsample//projects/eureka/revisions/rev_64e5e2e_0c2f9e0/rev_64e5e2e-0c2f9e0.revisions;0
/home/paper219/Desktop/analysis/fullsample//projects/eureka/revisions/rev_32d79ee_0123a4d/rev_32d79ee-0123a4d.revisions;0
/home/paper219/Desktop/analysis/fullsample//projects/eureka/revisions/rev_a8a136f_1437a3b/rev_a8a136f-1437a3b.revisions;0
/home/paper219/Desktop/analysis/fullsample//projects/eureka/revisions/rev_7640ec6_f29f639/rev_7640ec6-f29f639.revisions;0
/home/paper219/Desktop/analysis/fullsample//projects/eureka/revisions/rev_15f5235_1ac04e1/rev_15f5235-1ac04e1.revisions;0
/home/paper219/Desktop/analysis/fullsample//projects/eureka/revisions/rev_1ac04e1_b94c4f4/rev_1ac04e1-b94c4f4.revisions;0
/home/paper219/Desktop/analysis/fullsample//projects/eureka/revisions/rev_f0ad29d_9c88b5c/rev_f0ad29d-9c88b5c.revisions;0
/home/paper219/Desktop/analysis/fullsample//projects/eureka/revisions/rev_6c7824d_5c85f62/rev_6c7824d-5c85f62.revisions;0
/home/paper219/Desktop/analysis/fullsample//projects/eureka/revisions/rev_35443bf_2c66385/rev_35443bf-2c66385.revisions;0
/home/paper219/Desktop/analysis/fullsample//projects/eureka/revisions/rev_ff9b0d7_8df4be7/rev_ff9b0d7-8df4be7.revisions;0
/home/paper219/Desktop/analysis/fullsample//projects/eureka/revisions/rev_010dc33_e2e16b2/rev_010dc33-e2e16b2.revisions;0
/home/paper219/Desktop/analysis/fullsample//projects/eureka/revisions/rev_7eb8c40_9399571/rev_7eb8c40-9399571.revisions;0
/home/paper219/Desktop/analysis/fullsample//projects/eureka/revisions/rev_3677ac7_03342f0/rev_3677ac7-03342f0.revisions;0
/home/paper219/Desktop/analysis/fullsample//projects/eureka/revisions/rev_3b0a936_d8265bb/rev_3b0a936-d8265bb.revisions;0
/home/paper219/Desktop/analysis/fullsample//projects/eureka/revisions/rev_d8265bb_9cb176f/rev_d8265bb-9cb176f.revisions;0
/home/paper219/Desktop/analysis/fullsample//projects/eureka/revisions/rev_64f973f_e3b878f/rev_64f973f-e3b878f.revisions;0
/home/paper219/Desktop/analysis/fullsample//projects/eureka/revisions/rev_a2a7518_b45db1c/rev_a2a7518-b45db1c.revisions;0
/home/paper219/Desktop/analysis/fullsample//projects/eureka/revisions/rev_30a85dc_5125788/rev_30a85dc-5125788.revisions;0
/home/paper219/Desktop/analysis/fullsample//projects/eureka/revisions/rev_d2dbee8_bdcf59c/rev_d2dbee8-bdcf59c.revisions;0
/home/paper219/Desktop/analysis/fullsample//projects/eureka/revisions/rev_d4fcefc_f10b374/rev_d4fcefc-f10b374.revisions;0
/home/paper219/Desktop/analysis/fullsample//projects/eureka/revisions/rev_6efea5d_0ec15d1/rev_6efea5d-0ec15d1.revisions;0
/home/paper219/Desktop/analysis/fullsample//projects/eureka/revisions/rev_dfbee33_ca1eab7/rev_dfbee33-ca1eab7.revisions;0
/home/paper219/Desktop/analysis/fullsample//projects/eureka/revisions/rev_6de298e_2e0c8d6/rev_6de298e-2e0c8d6.revisions;0
/home/paper219/Desktop/analysis/fullsample//projects/eureka/revisions/rev_47789f4_82a0059/rev_47789f4-82a0059.revisions;0
/home/paper219/Desktop/analysis/fullsample//projects/eureka/revisions/rev_d9ad6d5_f075b42/rev_d9ad6d5-f075b42.revisions;0
/home/paper219/Desktop/analysis/fullsample//projects/ghostdriver/revisions/rev_4dc367d_1041b2b/rev_4dc367d-1041b2b.revisions;0
/home/paper219/Desktop/analysis/fullsample//projects/ghostdriver/revisions/rev_c5fa703_6c3f928/rev_c5fa703-6c3f928.revisions;0
/home/paper219/Desktop/analysis/fullsample//projects/ghostdriver/revisions/rev_8864ef9_699c850/rev_8864ef9-699c850.revisions;0
/home/paper219/Desktop/analysis/fullsample//projects/ghostdriver/revisions/rev_01aad6b_cff5fc9/rev_01aad6b-cff5fc9.revisions;0
/home/paper219/Desktop/analysis/fullsample//projects/ghostdriver/revisions/rev_8dcd57d_4fd0001/rev_8dcd57d-4fd0001.revisions;0
/home/paper219/Desktop/analysis/fullsample//projects/ghostdriver/revisions/rev_0b622af_3f145ad/rev_0b622af-3f145ad.revisions;0
/home/paper219/Desktop/analysis/fullsample//projects/ghostdriver/revisions/rev_014dbda_a530eb7/rev_014dbda-a530eb7.revisions;0
/home/paper219/Desktop/analysis/fullsample//projects/ghostdriver/revisions/rev_b5b4a20_8124372/rev_b5b4a20-8124372.revisions;0
/home/paper219/Desktop/analysis/fullsample//projects/ghostdriver/revisions/rev_97615dd_33361d5/rev_97615dd-33361d5.revisions;0
/home/paper219/Desktop/analysis/fullsample//projects/ghostdriver/revisions/rev_b2fd345_b48d1b6/rev_b2fd345-b48d1b6.revisions;0
/home/paper219/Desktop/analysis/fullsample//projects/ghostdriver/revisions/rev_a658d96_6e4a65d/rev_a658d96-6e4a65d.revisions;0
/home/paper219/Desktop/analysis/fullsample//projects/ghostdriver/revisions/rev_030f658_74e5424/rev_030f658-74e5424.revisions;0
/home/paper219/Desktop/analysis/fullsample//projects/ghostdriver/revisions/rev_19ffbfd_1edf994/rev_19ffbfd-1edf994.revisions;0
/home/paper219/Desktop/analysis/fullsample//projects/ghostdriver/revisions/rev_0c13ac3_2ead657/rev_0c13ac3-2ead657.revisions;0
/home/paper219/Desktop/analysis/fullsample//projects/ghostdriver/revisions/rev_b67d133_ad37d19/rev_b67d133-ad37d19.revisions;0
/home/paper219/Desktop/analysis/fullsample//projects/ghostdriver/revisions/rev_b616cbc_338fc0e/rev_b616cbc-338fc0e.revisions;0
/home/paper219/Desktop/analysis/fullsample//projects/ghostdriver/revisions/rev_e59127b_d3e1ca9/rev_e59127b-d3e1ca9.revisions;0
/home/paper219/Desktop/analysis/fullsample//projects/ghostdriver/revisions/rev_2700732_4095aae/rev_2700732-4095aae.revisions;0
/home/paper219/Desktop/analysis/fullsample//projects/ghostdriver/revisions/rev_1e2f4f1_d505eb4/rev_1e2f4f1-d505eb4.revisions;0
/home/paper219/Desktop/analysis/fullsample//projects/ghostdriver/revisions/rev_49fbc78_2f2cd5d/rev_49fbc78-2f2cd5d.revisions;0
/home/paper219/Desktop/analysis/fullsample//projects/ghostdriver/revisions/rev_72c1588_9e163fd/rev_72c1588-9e163fd.revisions;0
/home/paper219/Desktop/analysis/fullsample//projects/ghostdriver/revisions/rev_694c9d8_54e372d/rev_694c9d8-54e372d.revisions;0
/home/paper219/Desktop/analysis/fullsample//projects/ghostdriver/revisions/rev_f4ef2ab_ebb85aa/rev_f4ef2ab-ebb85aa.revisions;0
/home/paper219/Desktop/analysis/fullsample//projects/ghostdriver/revisions/rev_c2faec9_f1676cb/rev_c2faec9-f1676cb.revisions;0
/home/paper219/Desktop/analysis/fullsample//projects/ghostdriver/revisions/rev_36448da_090e496/rev_36448da-090e496.revisions;0
/home/paper219/Desktop/analysis/fullsample//projects/ghostdriver/revisions/rev_03ad98a_7a7b3cd/rev_03ad98a-7a7b3cd.revisions;0
/home/paper219/Desktop/analysis/fullsample//projects/ghostdriver/revisions/rev_018df2f_60affbf/rev_018df2f-60affbf.revisions;0
/home/paper219/Desktop/analysis/fullsample//projects/ghostdriver/revisions/rev_56a7fe5_70ebd3b/rev_56a7fe5-70ebd3b.revisions;0
/home/paper219/Desktop/analysis/fullsample//projects/ghostdriver/revisions/rev_247f929_cccfe3b/rev_247f929-cccfe3b.revisions;0
/home/paper219/Desktop/analysis/fullsample//projects/ghostdriver/revisions/rev_0fa7b82_012f2fe/rev_0fa7b82-012f2fe.revisions;0
/home/paper219/Desktop/analysis/fullsample//projects/ghostdriver/revisions/rev_2d43df5_90c3c17/rev_2d43df5-90c3c17.revisions;0
/home/paper219/Desktop/analysis/fullsample//projects/ghostdriver/revisions/rev_30d2ebf_3b872e9/rev_30d2ebf-3b872e9.revisions;0
/home/paper219/Desktop/analysis/fullsample//projects/ghostdriver/revisions/rev_61ba598_7baabd9/rev_61ba598-7baabd9.revisions;0
/home/paper219/Desktop/analysis/fullsample//projects/ghostdriver/revisions/rev_ceda28e_e0332d4/rev_ceda28e-e0332d4.revisions;0
/home/paper219/Desktop/analysis/fullsample//projects/ghostdriver/revisions/rev_6401860_5b0d0ec/rev_6401860-5b0d0ec.revisions;0
/home/paper219/Desktop/analysis/fullsample//projects/ghostdriver/revisions/rev_52a5a6c_b94e571/rev_52a5a6c-b94e571.revisions;0
/home/paper219/Desktop/analysis/fullsample//projects/ghostdriver/revisions/rev_4c6fdc4_3efd3ae/rev_4c6fdc4-3efd3ae.revisions;0
/home/paper219/Desktop/analysis/fullsample//projects/ghostdriver/revisions/rev_87ecc90_ea3c98a/rev_87ecc90-ea3c98a.revisions;0
/home/paper219/Desktop/analysis/fullsample//projects/ghostdriver/revisions/rev_92c6da5_f53bae3/rev_92c6da5-f53bae3.revisions;0
/home/paper219/Desktop/analysis/fullsample//projects/ghostdriver/revisions/rev_b157e79_44cb536/rev_b157e79-44cb536.revisions;0
/home/paper219/Desktop/analysis/fullsample//projects/ghostdriver/revisions/rev_a733e34_320cb5e/rev_a733e34-320cb5e.revisions;0
/home/paper219/Desktop/analysis/fullsample//projects/ghostdriver/revisions/rev_c0ddecf_575bb7e/rev_c0ddecf-575bb7e.revisions;0
/home/paper219/Desktop/analysis/fullsample//projects/ghostdriver/revisions/rev_09415ee_a559218/rev_09415ee-a559218.revisions;0
/home/paper219/Desktop/analysis/fullsample//projects/ghostdriver/revisions/rev_55b5d26_c11dfb6/rev_55b5d26-c11dfb6.revisions;0
/home/paper219/Desktop/analysis/fullsample//projects/ghostdriver/revisions/rev_714f774_1380c87/rev_714f774-1380c87.revisions;0
/home/paper219/Desktop/analysis/fullsample//projects/ghostdriver/revisions/rev_c853824_64feb74/rev_c853824-64feb74.revisions;0
/home/paper219/Desktop/analysis/fullsample//projects/ghostdriver/revisions/rev_561a273_482a509/rev_561a273-482a509.revisions;0
/home/paper219/Desktop/analysis/fullsample//projects/ghostdriver/revisions/rev_6dfc914_abfde3e/rev_6dfc914-abfde3e.revisions;0
/home/paper219/Desktop/analysis/fullsample//projects/ghostdriver/revisions/rev_732dfe5_bbc5017/rev_732dfe5-bbc5017.revisions;0
/home/paper219/Desktop/analysis/fullsample//projects/ghostdriver/revisions/rev_bbc5017_8b93e6a/rev_bbc5017-8b93e6a.revisions;0
/home/paper219/Desktop/analysis/fullsample//projects/ghostdriver/revisions/rev_7d04f88_6c17b62/rev_7d04f88-6c17b62.revisions;0
/home/paper219/Desktop/analysis/fullsample//projects/ghostdriver/revisions/rev_564b3fb_7d2ffc3/rev_564b3fb-7d2ffc3.revisions;0
/home/paper219/Desktop/analysis/fullsample//projects/ghostdriver/revisions/rev_c6c1498_cadbe17/rev_c6c1498-cadbe17.revisions;0
/home/paper219/Desktop/analysis/fullsample//projects/ghostdriver/revisions/rev_3088109_6c0057e/rev_3088109-6c0057e.revisions;0
/home/paper219/Desktop/analysis/fullsample//projects/ghostdriver/revisions/rev_7866f5f_a3100a7/rev_7866f5f-a3100a7.revisions;0
/home/paper219/Desktop/analysis/fullsample//projects/ghostdriver/revisions/rev_9e0f103_249f296/rev_9e0f103-249f296.revisions;0
/home/paper219/Desktop/analysis/fullsample//projects/ghostdriver/revisions/rev_b1fe076_559fcfb/rev_b1fe076-559fcfb.revisions;0
/home/paper219/Desktop/analysis/fullsample//projects/ghostdriver/revisions/rev_43a8fbc_7cab3ca/rev_43a8fbc-7cab3ca.revisions;0
/home/paper219/Desktop/analysis/fullsample//projects/ghostdriver/revisions/rev_0d295e8_ea93ede/rev_0d295e8-ea93ede.revisions;0
/home/paper219/Desktop/analysis/fullsample//projects/ghostdriver/revisions/rev_53691fa_316ddd8/rev_53691fa-316ddd8.revisions;0
/home/paper219/Desktop/analysis/fullsample//projects/ghostdriver/revisions/rev_cd01ddb_0cf0167/rev_cd01ddb-0cf0167.revisions;0
/home/paper219/Desktop/analysis/fullsample//projects/ghostdriver/revisions/rev_66c0e81_d9b65ed/rev_66c0e81-d9b65ed.revisions;0
/home/paper219/Desktop/analysis/fullsample//projects/ghostdriver/revisions/rev_15c33d9_88909bf/rev_15c33d9-88909bf.revisions;0
/home/paper219/Desktop/analysis/fullsample//projects/ghostdriver/revisions/rev_656019f_b29e996/rev_656019f-b29e996.revisions;0
/home/paper219/Desktop/analysis/fullsample//projects/ghostdriver/revisions/rev_656019f_a03cd2c/rev_656019f-a03cd2c.revisions;0
/home/paper219/Desktop/analysis/fullsample//projects/ghostdriver/revisions/rev_daaa008_c9b6018/rev_daaa008-c9b6018.revisions;0
/home/paper219/Desktop/analysis/fullsample//projects/ghostdriver/revisions/rev_1d886d6_758e749/rev_1d886d6-758e749.revisions;0
/home/paper219/Desktop/analysis/fullsample//projects/ghostdriver/revisions/rev_2af7099_1aa1078/rev_2af7099-1aa1078.revisions;0
/home/paper219/Desktop/analysis/fullsample//projects/ghostdriver/revisions/rev_c38a796_c25cdd4/rev_c38a796-c25cdd4.revisions;0
/home/paper219/Desktop/analysis/fullsample//projects/ghostdriver/revisions/rev_b6172f4_08a58f5/rev_b6172f4-08a58f5.revisions;0
/home/paper219/Desktop/analysis/fullsample//projects/ghostdriver/revisions/rev_ae8b2ed_bdc69af/rev_ae8b2ed-bdc69af.revisions;0
/home/paper219/Desktop/analysis/fullsample//projects/ghostdriver/revisions/rev_85a9823_9d274cb/rev_85a9823-9d274cb.revisions;0
/home/paper219/Desktop/analysis/fullsample//projects/ghostdriver/revisions/rev_85a9823_5a061a4/rev_85a9823-5a061a4.revisions;0
/home/paper219/Desktop/analysis/fullsample//projects/ghostdriver/revisions/rev_6c918e2_634aa70/rev_6c918e2-634aa70.revisions;0
/home/paper219/Desktop/analysis/fullsample//projects/ghostdriver/revisions/rev_b483b31_0cf8e0e/rev_b483b31-0cf8e0e.revisions;0
/home/paper219/Desktop/analysis/fullsample//projects/ghostdriver/revisions/rev_d25f263_115300b/rev_d25f263-115300b.revisions;0
/home/paper219/Desktop/analysis/fullsample//projects/ghostdriver/revisions/rev_85c7d36_473b966/rev_85c7d36-473b966.revisions;0
/home/paper219/Desktop/analysis/fullsample//projects/ghostdriver/revisions/rev_d57f72c_b121ec1/rev_d57f72c-b121ec1.revisions;0
/home/paper219/Desktop/analysis/fullsample//projects/ghostdriver/revisions/rev_7e269e5_742214a/rev_7e269e5-742214a.revisions;0
/home/paper219/Desktop/analysis/fullsample//projects/ghostdriver/revisions/rev_8abdf0e_a0064b6/rev_8abdf0e-a0064b6.revisions;0
/home/paper219/Desktop/analysis/fullsample//projects/ghostdriver/revisions/rev_33f2d33_6e349e0/rev_33f2d33-6e349e0.revisions;0
/home/paper219/Desktop/analysis/fullsample//projects/ghostdriver/revisions/rev_1d5b131_e065fec/rev_1d5b131-e065fec.revisions;0
/home/paper219/Desktop/analysis/fullsample//projects/ghostdriver/revisions/rev_5181503_5f28a45/rev_5181503-5f28a45.revisions;0
/home/paper219/Desktop/analysis/fullsample//projects/ghostdriver/revisions/rev_828ae6c_e87176a/rev_828ae6c-e87176a.revisions;0
/home/paper219/Desktop/analysis/fullsample//projects/ghostdriver/revisions/rev_39a273d_e7bb101/rev_39a273d-e7bb101.revisions;0
/home/paper219/Desktop/analysis/fullsample//projects/ghostdriver/revisions/rev_a0f78c3_48b2d06/rev_a0f78c3-48b2d06.revisions;0
/home/paper219/Desktop/analysis/fullsample//projects/ghostdriver/revisions/rev_1974a86_aebc729/rev_1974a86-aebc729.revisions;0
/home/paper219/Desktop/analysis/fullsample//projects/ghostdriver/revisions/rev_a91d13d_196a07d/rev_a91d13d-196a07d.revisions;0
/home/paper219/Desktop/analysis/fullsample//projects/ghostdriver/revisions/rev_4bcbd9f_ddda4e1/rev_4bcbd9f-ddda4e1.revisions;0
/home/paper219/Desktop/analysis/fullsample//projects/ghostdriver/revisions/rev_ea5f508_97f9b92/rev_ea5f508-97f9b92.revisions;0
/home/paper219/Desktop/analysis/fullsample//projects/ghostdriver/revisions/rev_4f8c27e_89dbb92/rev_4f8c27e-89dbb92.revisions;0
/home/paper219/Desktop/analysis/fullsample//projects/ghostdriver/revisions/rev_40215a9_b6b1713/rev_40215a9-b6b1713.revisions;0
/home/paper219/Desktop/analysis/fullsample//projects/ghostdriver/revisions/rev_13cf119_354126a/rev_13cf119-354126a.revisions;0
/home/paper219/Desktop/analysis/fullsample//projects/ghostdriver/revisions/rev_f976007_b32ba40/rev_f976007-b32ba40.revisions;0
/home/paper219/Desktop/analysis/fullsample//projects/ghostdriver/revisions/rev_5419b03_b233b2d/rev_5419b03-b233b2d.revisions;0
/home/paper219/Desktop/analysis/fullsample//projects/ghostdriver/revisions/rev_09d3c8c_c048e99/rev_09d3c8c-c048e99.revisions;0
